TITLE_KEY,TITLE,RELEASE_YEAR,BUDGET,REVENUE,ROI,POPULARITY,VOTE_AVERAGE
10192_Movie,Shrek Forever After,2010,165000000,752600867,3.56,203.893,6.38
27205_Movie,Inception,2010,160000000,839030630,4.24,156.242,8.369
12444_Movie,Harry Potter and the Deathly Hallows: Part 1,2010,250000000,954305868,2.82,121.191,7.744
38757_Movie,Tangled,2010,260000000,592461732,1.28,111.762,7.6
10191_Movie,How to Train Your Dragon,2010,165000000,494879471,2.00,110.044,7.8
11324_Movie,Shutter Island,2010,80000000,294804195,2.69,101.551,8.2
38575_Movie,The Karate Kid,2010,40000000,359126022,7.98,96.385,6.5
10138_Movie,Iron Man 2,2010,200000000,623933331,2.12,95.255,6.8
38365_Movie,Grown Ups,2010,80000000,271430189,2.39,93.281,6.394
20352_Movie,Despicable Me,2010,69000000,543284256,6.87,86.361,7.2
10193_Movie,Toy Story 3,2010,200000000,1067316101,4.34,83.097,7.8
24021_Movie,The Twilight Saga: Eclipse,2010,68000000,698491347,9.27,81.8,6.204
12155_Movie,Alice in Wonderland,2010,200000000,1025467110,4.13,80.326,6.6
38234_Movie,Undisputed III: Redemption,2010,3000000,282548,-0.91,71.837,7.517
37799_Movie,The Social Network,2010,40000000,224920315,4.62,69.048,7.368
32657_Movie,Percy Jackson & the Olympians: The Lightning Thief,2010,95000000,226497209,1.38,64.865,6.21
23168_Movie,The Town,2010,37000000,154026136,3.16,58.865,7.2
34851_Movie,Predators,2010,40000000,127200000,2.18,58.518,6.3
38055_Movie,Megamind,2010,130000000,321885765,1.48,58.422,6.999
10140_Movie,The Chronicles of Narnia: The Voyage of the Dawn Treader,2010,155000000,415686217,1.68,53.64,6.4
27578_Movie,The Expendables,2010,80000000,274470394,2.43,53.249,6.248
18823_Movie,Clash of the Titans,2010,125000000,493214993,2.95,51.888,5.9
44214_Movie,Black Swan,2010,13000000,329398046,24.34,45.984,7.7
23483_Movie,Kick-Ass,2010,28000000,96188903,2.44,45.668,7.122
20526_Movie,TRON: Legacy,2010,170000000,400062763,1.35,44.783,6.5
26389_Movie,From Paris with Love,2010,52000000,52800000,0.02,43.037,6.27
10196_Movie,The Last Airbender,2010,150000000,319713881,1.13,42.597,4.6
27581_Movie,The Other Guys,2010,100000000,170432927,0.70,40.669,6.3
9543_Movie,Prince of Persia: The Sands of Time,2010,200000000,336365676,0.68,39.509,6.3
22538_Movie,Scott Pilgrim vs. the World,2010,85000000,51691156,-0.39,39.321,7.491
22894_Movie,Legion,2010,26000000,67900000,1.61,38.772,5.9
51608_Movie,The Man from Nowhere,2010,1255000,43059790,33.31,38.694,7.7
43947_Movie,I Spit on Your Grave,2010,2000000,572809,-0.71,38.125,6.5
44115_Movie,127 Hours,2010,18000000,35700000,0.98,37.971,7.1
39514_Movie,RED,2010,58000000,199006387,2.43,36.185,6.7
35552_Movie,The Extraordinary Adventures of Adèle Blanc-Sec,2010,25000000,34604339,0.38,35.816,6.2
27576_Movie,Salt,2010,110000000,293329073,1.67,35.711,6.4
46738_Movie,Incendies,2010,6800000,6788659,0.00,35.555,8.1
43949_Movie,Flipped,2010,14000000,4324817,-0.69,34.886,8.016
43347_Movie,Love & Other Drugs,2010,30000000,102800000,2.43,34.685,7
35019_Movie,Nanny McPhee and the Big Bang,2010,35000000,93251121,1.66,34.409,6.3
43593_Movie,Piranha 3D,2010,24000000,83188165,2.47,34.009,5.4
20504_Movie,The Book of Eli,2010,80000000,157107755,0.96,33.361,6.8
7978_Movie,The Wolfman,2010,150000000,140700000,-0.06,33.064,5.9
34544_Movie,The A-Team,2010,110000000,177238796,0.61,32.716,6.397
38167_Movie,Eat Pray Love,2010,60000000,204594016,2.41,32.264,6.241
26022_Movie,My Name Is Khan,2010,12000000,42345360,2.53,31.503,8
49797_Movie,I Saw the Devil,2010,6000000,12966357,1.16,31.434,7.794
46705_Movie,Blue Valentine,2010,1000000,15440333,14.44,31.339,6.9
33217_Movie,Diary of a Wimpy Kid,2010,15000000,76196538,4.08,31.191,6.2
20662_Movie,Robin Hood,2010,200000000,321669741,0.61,30.765,6.4
51739_Movie,The Secret World of Arrietty,2010,23000000,149660003,5.51,30.708,7.663
25195_Movie,Leap Year,2010,19000000,32686500,0.72,30.524,6.9
27022_Movie,The Sorcerer's Apprentice,2010,150000000,215300000,0.44,30.261,6.117
34016_Movie,She's Out of My League,2010,20000000,49800000,1.49,30.201,6.5
41439_Movie,Saw 3D,2010,20000000,136151680,5.81,28.494,5.989
37834_Movie,Knight and Day,2010,117000000,261989769,1.24,27.899,6.2
46838_Movie,Tucker and Dale vs. Evil,2010,5000000,5224938,0.04,27.886,7.379
38358_Movie,The Last Exorcism,2010,1800000,69400000,37.56,26.482,5.7
41733_Movie,Due Date,2010,65000000,211800000,2.26,26.461,6.382
23437_Movie,A Nightmare on Elm Street,2010,35000000,115664037,2.30,26.168,5.5
22907_Movie,Takers,2010,32000000,80205382,1.51,26.106,6.229
45269_Movie,The King's Speech,2010,15000000,414211549,26.61,25.936,7.7
23169_Movie,Remember Me,2010,16000000,56000000,2.50,25.397,7.1
37735_Movie,Easy A,2010,8000000,75026327,8.38,25.329,6.8
44048_Movie,Unstoppable,2010,100000000,167805466,0.68,25.307,6.6
37786_Movie,Sex and the City 2,2010,100000000,290700000,1.91,24.953,6.1
41283_Movie,Faster,2010,24000000,23081726,-0.04,24.78,6.3
41436_Movie,Paranormal Activity 2,2010,3000000,177512032,58.17,24.747,5.8
37710_Movie,The Tourist,2010,100000000,278731369,1.79,24.522,6.183
41233_Movie,Step Up 3D,2010,30000000,159291809,4.31,24.48,6.8
44264_Movie,True Grit,2010,38000000,252300000,5.64,23.782,7.3
43539_Movie,The Next Three Days,2010,30000000,67448651,1.25,23.613,7.1
37056_Movie,Letters to Juliet,2010,30000000,82148538,1.74,23.388,7.002
23048_Movie,Hot Tub Time Machine,2010,36000000,64780213,0.80,23.351,6
40264_Movie,Vampires Suck,2010,20000000,80547866,3.03,23.306,4.3
23172_Movie,The Spy Next Door,2010,28000000,66166000,1.36,23.229,5.9
25602_Movie,Ninja,2010,10000000,194243,-0.98,22.547,6.1
23023_Movie,Tooth Fairy,2010,48000000,112462508,1.34,21.966,5.5
41216_Movie,Legend of the Guardians: The Owls of Ga'Hoole,2010,80000000,140073390,0.75,21.922,6.8
27579_Movie,The American,2010,20000000,67900000,2.40,21.884,6
49009_Movie,The Way Back,2010,30000000,24200000,-0.19,21.501,7
23631_Movie,Machete,2010,10500000,45491656,3.33,20.986,6.3
26388_Movie,Buried,2010,1987650,19152480,8.64,20.832,6.6
37950_Movie,Charlie St. Cloud,2010,44000000,48200000,0.10,20.742,6.965
42684_Movie,Skyline,2010,10500000,66984887,5.38,20.734,5.013
28211_Movie,Chloe,2010,14000000,13657649,-0.02,20.458,6.1
13477_Movie,When in Rome,2010,55000000,43042835,-0.22,20.362,6
46146_Movie,Troll Hunter,2010,3500000,4159678,0.19,20.266,6.7
19901_Movie,Daybreakers,2010,20000000,51417188,1.57,20.059,6.3
42188_Movie,Never Let Me Go,2010,15000000,9918093,-0.34,19.744,6.9
39451_Movie,Little Fockers,2010,100000000,310650585,2.11,19.651,5.645
27573_Movie,The Bounty Hunter,2010,40000000,136300000,2.41,19.636,5.855
11439_Movie,The Ghost Writer,2010,45000000,60300000,0.34,19.59,6.8
41402_Movie,Let Me In,2010,20000000,24145613,0.21,19.481,6.8
59429_Movie,Paranormal Activity: Tokyo Night,2010,1350000,4160000,2.08,19.335,6
46261_Movie,Don't Be Afraid of the Dark,2010,25000000,36993168,0.48,18.785,5.775
45317_Movie,The Fighter,2010,25000000,129190869,4.17,18.607,7.4
29427_Movie,The Crazies,2010,20000000,54956140,1.75,18.477,6.279
23759_Movie,Centurion,2010,12000000,6890432,-0.43,18.457,6.231
42297_Movie,Burlesque,2010,55000000,89500000,0.63,18.373,7.2
34803_Movie,Death at a Funeral,2010,21000000,49050886,1.34,18.275,5.8
33909_Movie,Wall Street: Money Never Sleeps,2010,70000000,134748021,0.92,18.214,6.1
20533_Movie,Jonah Hex,2010,47000000,10539000,-0.78,18.183,4.9
51200_Movie,71: Into the Fire,2010,10400000,20967660,1.02,17.98,7.518
32856_Movie,Valentine's Day,2010,52000000,216500000,3.16,17.915,5.9
38745_Movie,Gulliver's Travels,2010,112000000,237382724,1.12,17.776,5.203
12201_Movie,Edge of Darkness,2010,80000000,81126522,0.01,17.755,6.3
34813_Movie,The Losers,2010,25000000,23580000,-0.06,17.425,6.3
22971_Movie,Dear John,2010,25000000,114977104,3.60,17.041,6.8
38408_Movie,Life As We Know It,2010,38000000,105734416,1.78,17.009,6.9
42949_Movie,Arthur 3: The War of the Two Worlds,2010,70200000,33885979,-0.52,16.847,5.78
32823_Movie,Get Him to the Greek,2010,40000000,90029656,1.25,16.656,6
23742_Movie,Cop Out,2010,30000000,55600000,0.85,16.596,5.5
42888_Movie,How Do You Know,2010,120000000,48668907,-0.59,16.422,5.305
58857_Movie,13 Assassins,2010,6000000,17555141,1.93,16.249,7.3
39486_Movie,Secretariat,2010,35000000,60300000,0.72,16.175,7.4
44603_Movie,Hereafter,2010,50000000,107000000,1.14,16.103,6.105
43930_Movie,"Tomorrow, When the War Began",2010,27000000,16533595,-0.39,16.093,6.2
37821_Movie,Killers,2010,75000000,98159963,0.31,15.861,6
16290_Movie,Jackass 3D,2010,20000000,117224271,4.86,15.68,6.6
41515_Movie,Yogi Bear,2010,80000000,203509374,1.54,15.564,5.6
35056_Movie,Date Night,2010,55000000,152300000,1.77,15.339,6.1
44040_Movie,Devil,2010,10000000,33583175,2.36,15.29,6.1
34806_Movie,The Back-Up Plan,2010,35000000,77477008,1.21,15.209,6.1
44945_Movie,Trust,2010,9500000,120000,-0.99,15.156,6.6
46332_Movie,Of Gods and Men,2010,4000000,41424067,9.36,14.973,6.669
45657_Movie,The Ward,2010,10000000,5343820,-0.47,14.936,5.771
39013_Movie,Winter's Bone,2010,2000000,13831503,5.92,14.694,6.8
43933_Movie,Monsters,2010,500000,5639730,10.28,14.676,6.222
49852_Movie,The Nutcracker,2010,90000000,17177993,-0.81,14.574,5.1
45132_Movie,Super,2010,2500000,1185012,-0.53,14.298,6.538
43919_Movie,Hatchet II,2010,2500000,156190,-0.94,14.249,5.5
38579_Movie,Marmaduke,2010,50000000,83761844,0.68,14.108,5.2
27585_Movie,Rabbit Hole,2010,5000000,5144717,0.03,14.074,6.7
44639_Movie,Inside Job,2010,2000000,7871522,2.94,14.038,7.7
26390_Movie,Brooklyn's Finest,2010,17000000,45700000,1.69,14.005,6.3
22972_Movie,Green Zone,2010,100000000,94882889,-0.05,13.96,6.5
43552_Movie,Vanishing on 7th Street,2010,10000000,1671196,-0.83,13.772,5.3
39691_Movie,Cats & Dogs: The Revenge of Kitty Galore,2010,85000000,112483764,0.32,13.713,5.2
41210_Movie,The Switch,2010,19000000,49830607,1.62,13.691,6.2
12819_Movie,Alpha and Omega,2010,20000000,50507267,1.53,13.599,5.9
38357_Movie,Morning Glory,2010,40000000,60040976,0.50,13.541,6.3
46420_Movie,The Loved Ones,2010,4000000,358399,-0.91,13.353,6.7
42194_Movie,Tekken,2010,30000000,967000,-0.97,13.226,5.4
38363_Movie,Fair Game,2010,22000000,25806953,0.17,13.226,6.474
43923_Movie,It's Kind of a Funny Story,2010,8000000,6491240,-0.19,13.185,7
37414_Movie,The Killer Inside Me,2010,13000000,3977192,-0.69,13.148,5.8
48838_Movie,London Boulevard,2010,25000000,8307227,-0.67,13.124,5.9
35690_Movie,The Last Song,2010,20000000,89137047,3.46,13.119,7.2
37034_Movie,True Legend,2010,20000000,6820000,-0.66,12.973,6.6
8952_Movie,I Love You Phillip Morris,2010,13000000,20768906,0.60,12.571,6.4
101669_Movie,Mother's Day,2010,11000000,863000,-0.92,12.557,6.505
38303_Movie,You Again,2010,20000000,32054369,0.60,12.44,6.281
38073_Movie,Going the Distance,2010,32000000,42045846,0.31,12.269,6.1
48034_Movie,Little White Lies,2010,25000000,48531470,0.94,12.242,7.107
37495_Movie,Four Lions,2010,3900000,6200000,0.59,12.234,6.955
38778_Movie,Dinner for Schmucks,2010,69000000,86387857,0.25,12.162,5.7
23830_Movie,Last Night,2010,7000000,7644937,0.09,12.137,6.115
44147_Movie,Wild Target,2010,8000000,3453043,-0.57,12.018,6.4
41411_Movie,The Round Up,2010,20000000,25346148,0.27,11.966,7.55
41505_Movie,6 Souls,2010,22000000,851517,-0.96,11.89,6.1
41110_Movie,I Am Love,2010,3600000,12014663,2.34,11.883,6.8
47904_Movie,Outside the Law,2010,30000000,3470487,-0.88,11.803,6.6
43931_Movie,My Soul to Take,2010,25000000,21500813,-0.14,11.799,5.5
52015_Movie,Stake Land,2010,650000,33245,-0.95,11.743,6.2
38843_Movie,Ramona and Beezus,2010,15000000,27293743,0.82,11.688,6.5
148284_Movie,Enthiran,2010,26400000,62000000,1.35,11.482,6.6
44113_Movie,Stone,2010,22000000,9479718,-0.57,11.406,5.3
41479_Movie,The Joneses,2010,10000000,7022728,-0.30,11.396,6.188
44129_Movie,The Company Men,2010,15000000,4882577,-0.67,11.394,6.5
39210_Movie,Somewhere,2010,8000000,14788642,0.85,11.034,6.1
41592_Movie,StreetDance 3D,2010,5773100,18144030,2.14,11.017,6.5
39781_Movie,The Kids Are All Right,2010,3500000,34705850,8.92,10.92,6.6
52505_Movie,The Other Woman,2010,30000000,1451343,-0.95,10.896,6.2
46528_Movie,The Warrior's Way,2010,42000000,11100000,-0.74,10.893,6.6
41201_Movie,The Illusionist,2010,18000000,6007194,-0.67,10.871,7.2
41211_Movie,Heartbreaker,2010,8700000,47355187,4.44,10.822,6.6
44716_Movie,In a Better World,2010,15000000,13004198,-0.13,10.775,7.118
27569_Movie,Extraordinary Measures,2010,31000000,15134293,-0.51,10.774,6.3
31867_Movie,Repo Men,2010,32000000,18409891,-0.42,10.714,6.323
57695_Movie,The Princess of Montpensier,2010,14734000,6775121,-0.54,10.707,6.375
55890_Movie,Bereavement,2010,2000000,10000000,4.00,10.623,5.3
48289_Movie,The Debt,2010,20000000,45636368,1.28,10.548,6.6
30618_Movie,Bunraku,2010,25000000,129706,-0.99,10.297,5.9
53457_Movie,Sarah's Key,2010,10000000,17511906,0.75,10.117,7.3
43434_Movie,Carlos,2010,18000000,871279,-0.95,10.023,7
44629_Movie,Animal Kingdom,2010,5000000,1000000,-0.80,9.915,6.804
48492_Movie,Detective Dee and the Mystery of the Phantom Flame,2010,13000000,51723285,2.98,9.903,6.5
41556_Movie,The Romantics,2010,4500000,123820,-0.97,9.566,4.898
27584_Movie,High School,2010,10000000,221590,-0.98,9.518,5.711
27586_Movie,The Runaways,2010,10000000,2995811,-0.70,9.491,6.5
35169_Movie,Furry Vengeance,2010,35000000,36236710,0.04,9.433,5.021
39800_Movie,Life During Wartime,2010,4500000,744816,-0.83,9.375,5.992
61984_Movie,Space Battleship Yamato,2010,12000000,49827298,3.15,9.333,6.403
46138_Movie,Made in Dagenham,2010,7200000,12629471,0.75,9.228,6.7
48415_Movie,Welcome to the South,2010,4000000,65584679,15.40,9.1,6.7
66195_Movie,The Perfect Host,2010,500000,453708,-0.09,9.095,6.4
34764_Movie,Karthik Calling Karthik,2010,2800000,3900000,0.39,9.029,6.2
44835_Movie,Hesher,2010,7000000,449702,-0.94,9.015,6.8
50618_Movie,Fortress of War,2010,8500000,4404729,-0.48,9.01,7.2
56812_Movie,The Last Circus,2010,7000000,3604598,-0.49,9,6.7
44718_Movie,Get Low,2010,700000,10522511,14.03,8.999,6.7
37931_Movie,MacGruber,2010,10000000,9322895,-0.07,8.953,5.4
42889_Movie,The Virginity Hit,2010,2000000,636706,-0.68,8.948,4.4
44009_Movie,Another Year,2010,8000000,18124262,1.27,8.946,7
44638_Movie,The Tempest,2010,20000000,346594,-0.98,8.891,5.4
50204_Movie,Burke & Hare,2010,10000000,4791599,-0.52,8.882,6.1
44560_Movie,Aftershock,2010,25000000,100297064,3.01,8.879,7.1
35688_Movie,Why Did I Get Married Too?,2010,20000000,60673972,2.03,8.786,6.5
70695_Movie,Dirty Girl,2010,4000000,143485,-0.96,8.734,6.067
45272_Movie,Country Strong,2010,15000000,20601987,0.37,8.721,6.1
45649_Movie,Rubber,2010,500000,98017,-0.80,8.682,5.9
52077_Movie,Nothing to Declare,2010,28000000,93800000,2.35,8.592,5.9
45094_Movie,Conviction,2010,12500000,11826980,-0.05,8.498,7.058
51241_Movie,Heartbeats,2010,464229,62985,-0.86,8.49,7.1
44944_Movie,For Colored Girls,2010,21000000,38000000,0.81,8.424,6.7
38568_Movie,Howl,2010,5000000,1183258,-0.76,8.412,6.5
46829_Movie,Barney's Version,2010,30000000,8454301,-0.72,8.353,7.029
29159_Movie,Giallo,2010,14000000,50113,-1.00,8.289,4.1
45324_Movie,Casino Jack,2010,12500000,1083683,-0.91,8.267,5.836
38033_Movie,Chain Letter,2010,5000000,143000,-0.97,8.266,4.4
58051_Movie,Housefull,2010,3800000,16000000,3.21,8.246,5.7
40794_Movie,Loose Cannons,2010,7000000,8220215,0.17,8.052,7.3
48303_Movie,Certified Copy,2010,7000000,7736632,0.11,8.026,7
53172_Movie,Henry's Crime,2010,12000000,2200000,-0.82,8.023,5.8
38448_Movie,Ondine,2010,12000000,1790061,-0.85,7.836,6.325
12645_Movie,Inhale,2010,10000000,55089,-0.99,7.828,6
42296_Movie,Catfish,2010,30000,3045943,100.53,7.827,6.834
38407_Movie,Shanghai,2010,50000000,15302850,-0.69,7.723,6.1
44877_Movie,4.3.2.1,2010,4600000,1163967,-0.75,7.454,5.52
34563_Movie,Our Family Wedding,2010,14000000,21409028,0.53,7.395,5.702
44263_Movie,City Under Siege,2010,17000000,13851432,-0.19,7.274,5.1
39053_Movie,Cyrus,2010,7000000,9900000,0.41,7.225,5.9
45316_Movie,Udaan,2010,800000,520000,-0.35,7.174,7.188
54456_Movie,Raavanan,2010,5200000,9700000,0.87,7.026,7
62871_Movie,A Distant Neighborhood,2010,18000000,231820,-0.99,6.805,7.1
45756_Movie,Saint,2010,4000000,4000000,0.00,6.75,5
57809_Movie,Six Degrees of Celebration,2010,5800000,25030264,3.32,6.706,6.4
46689_Movie,Waste Land,2010,1500000,187716,-0.87,6.696,7.6
46523_Movie,New Kids Turbo,2010,1500000,8786756,4.86,6.677,6.363
35428_Movie,What Men Talk About,2010,1950000,12005838,5.16,6.547,7.257
35716_Movie,Preacher's Kid,2010,7000000,515065,-0.93,6.495,6.1
51306_Movie,Lost on Journey,2010,50000000,500000,-0.99,6.459,6.9
42966_Movie,Once Upon a Time in Mumbaai,2010,19000000,8300000,-0.56,6.443,6.6
47088_Movie,The Extra Man,2010,7000000,453079,-0.94,6.442,5.8
27004_Movie,Ca$h,2010,7000000,46488,-0.99,6.296,5.9
45839_Movie,FRED: The Movie,2010,4000000,1309580,-0.67,6.082,4.5
36696_Movie,Space Dogs,2010,25000000,8553835,-0.66,6.063,5.2
47557_Movie,The Edge,2010,11000000,5380142,-0.51,6.041,5.8
62756_Movie,Singam,2010,2200000,9700000,3.41,5.967,6.701
44566_Movie,Anjaana Anjaani,2010,6400000,5900000,-0.08,5.756,6
37832_Movie,Mammuth,2010,3000000,7100000,1.37,5.749,5.8
38325_Movie,How I Ended This Summer,2010,2500000,622644,-0.75,5.731,6.491
52939_Movie,Three Heroes and the Shamakhan Queen,2010,3000000,20157447,5.72,5.688,6.239
69597_Movie,Aayirathil Oruvan,2010,7500000,20000000,1.67,5.686,6.552
57521_Movie,Black Bread,2010,6000000,3770657,-0.37,5.516,6.7
54524_Movie,The Robber,2010,3900000,208475,-0.95,5.322,6.5
60604_Movie,Hanamizuki,2010,5500000,33020000,5.00,5.177,7.5
43942_Movie,Freakonomics,2010,3000000,103735,-0.97,5.159,6.1
43609_Movie,My Own Love Song,2010,1600000,300849,-0.81,4.941,6.254
51273_Movie,Dark World,2010,3000000,8628997,1.88,4.93,4.4
51423_Movie,Beyond,2010,3000000,4800080,0.60,4.812,6.5
62077_Movie,Neon Flesh,2010,4364700,486756,-0.89,4.749,6
49679_Movie,Action Replayy,2010,10000000,5000000,-0.50,4.729,5.2
47607_Movie,Tiny Furniture,2010,65000,416498,5.41,4.711,5.7
45535_Movie,Fatal,2010,17289533,8929413,-0.48,4.701,6
37941_Movie,Vinnaithaandi Varuvaayaa,2010,3000000,12000000,3.00,4.676,7.6
42151_Movie,Down Terrace,2010,31192,10000,-0.68,4.675,6.184
63430_Movie,Ye Maaya Chesave,2010,1700000,2800000,0.65,4.629,6.8
57186_Movie,Skinning,2010,500000,288512,-0.42,4.6,6.104
29888_Movie,Dulha Mil Gaya,2010,5600000,2700000,-0.52,4.591,5.5
44565_Movie,Khatta Meetha,2010,7500000,10000000,0.33,4.584,5.6
57209_Movie,Inadequate People,2010,100000,621262,5.21,4.562,7.2
31059_Movie,Our Russia: Eggs of Destiny,2010,2000000,22212223,10.11,4.55,4.7
44978_Movie,Golmaal 3,2010,4800000,20000000,3.17,4.502,5.4
43212_Movie,My Dear Desperado,2010,800000,4214668,4.27,4.494,6.8
39806_Movie,Princess Kaiulani,2010,9000000,771499,-0.91,4.421,5.738
56853_Movie,We Believed,2010,7000000,2124145,-0.70,4.378,6.5
40777_Movie,I Hate Luv Storys,2010,4400000,12000000,1.73,4.328,5.9
56928_Movie,Meet Monica Velour,2010,5000000,33042,-0.99,4.25,5.4
44613_Movie,Lafangey Parindey,2010,4500000,5000000,0.11,4.21,5.9
43615_Movie,"Lula, the Son of Brazil",2010,9500000,3785593,-0.60,4.045,5.5
119441_Movie,"Hetalia: Axis Powers: Paint It, White!",2010,250000,1950000,6.80,3.963,7
59728_Movie,The 5th Quarter,2010,6000000,399611,-0.93,3.927,5.6
46504_Movie,Guy and Madeline on a Park Bench,2010,60000,35556,-0.41,3.92,5.4
12445_Movie,Harry Potter and the Deathly Hallows: Part 2,2011,125000000,1341511219,9.73,115.252,8.089
1865_Movie,Pirates of the Caribbean: On Stranger Tides,2011,379000000,1046721266,1.76,102.748,6.556
50619_Movie,The Twilight Saga: Breaking Dawn - Part 1,2011,110000000,712171856,5.47,89.456,6.196
49013_Movie,Cars 2,2011,200000000,559852396,1.80,85.5,6.136
1771_Movie,Captain America: The First Avenger,2011,140000000,370569774,1.65,83.313,7
10195_Movie,Thor,2011,150000000,449326618,2.00,76.373,6.8
39254_Movie,Real Steel,2011,110000000,299300000,1.72,73.536,7.046
77338_Movie,The Intouchables,2011,13000000,426590315,31.81,72.092,8.273
45243_Movie,The Hangover Part II,2011,80000000,586764305,6.33,71.647,6.5
44896_Movie,Rango,2011,135000000,245700000,0.82,68.597,6.867
417859_Movie,Puss in Boots,2011,130000000,554987477,3.27,68.45,6.569
50014_Movie,The Help,2011,25000000,216600000,7.66,65.007,8.2
56292_Movie,Mission: Impossible - Ghost Protocol,2011,145000000,694713380,3.79,63.143,7.093
49444_Movie,Kung Fu Panda 2,2011,150000000,665692281,3.44,59.677,7
50546_Movie,Just Go with It,2011,80000000,214945591,1.69,57.87,6.7
46195_Movie,Rio,2011,90000000,483866772,4.38,57.399,6.7
27582_Movie,The Mechanic,2011,40000000,51070807,0.28,56.226,6.518
41446_Movie,Scream 4,2011,40000000,97231420,1.43,55.374,6.5
49018_Movie,Insidious,2011,1500000,100106454,65.74,52.249,6.939
63311_Movie,The Skin I Live In,2011,13000000,33750478,1.60,49.854,7.5
62835_Movie,Colombiana,2011,40000000,71508440,0.79,49.214,6.634
55779_Movie,Final Destination 5,2011,40000000,157887643,2.95,48.108,6.095
38321_Movie,Priest,2011,60000000,78309131,0.31,44.387,5.817
50646_Movie,"Crazy, Stupid, Love.",2011,50000000,145079584,1.90,44.345,7.3
51876_Movie,Limitless,2011,27000000,161900000,5.00,43.127,7.191
49530_Movie,In Time,2011,40000000,173900000,3.35,43.032,6.97
61791_Movie,Rise of the Planet of the Apes,2011,93000000,481800873,4.18,41.497,7.3
64690_Movie,Drive,2011,15000000,78100000,4.21,39.282,7.58
49730_Movie,Red Riding Hood,2011,42000000,89162162,1.12,38.231,6
39513_Movie,Paul,2011,40000000,98000000,1.45,38.158,6.7
51828_Movie,One Day,2011,15000000,59400000,2.96,37.976,7.422
71859_Movie,We Need to Talk About Kevin,2011,7000000,10800000,0.54,37.727,7.5
41513_Movie,The Smurfs,2011,110000000,563749323,4.12,36.572,5.8
71676_Movie,Ghost Rider: Spirit of Vengeance,2011,57000000,132563930,1.33,36.13,5.008
65754_Movie,The Girl with the Dragon Tattoo,2011,90000000,232617430,1.58,35.218,7.4
46529_Movie,I Am Number Four,2011,50000000,149900000,2.00,34.708,6.18
58574_Movie,Sherlock Holmes: A Game of Shadows,2011,125000000,334615000,1.68,34.316,7.139
37958_Movie,Immortals,2011,75000000,226904017,2.03,34.306,6
17578_Movie,The Adventures of Tintin,2011,130000000,373993951,1.88,34.144,6.899
44943_Movie,Battle: Los Angeles,2011,70000000,211800000,2.03,33.576,5.799
59436_Movie,Midnight in Paris,2011,17000000,151119219,7.89,33.362,7.5
41630_Movie,No Strings Attached,2011,25000000,149200000,4.97,32.891,6.3
50544_Movie,Friends with Benefits,2011,35000000,149500000,3.27,32.042,6.7
55721_Movie,Bridesmaids,2011,32500000,288383523,7.87,31.413,6.523
45612_Movie,Source Code,2011,32000000,147332697,3.60,31.409,7.302
44912_Movie,Green Lantern,2011,200000000,219851172,0.10,31.223,5.2
59440_Movie,Warrior,2011,25000000,23300000,-0.07,30.589,7.842
55846_Movie,Blitz,2011,15774948,15800000,0.00,30.12,6.177
50839_Movie,Margin Call,2011,3500000,19504039,4.57,30.117,6.9
55301_Movie,Alvin and the Chipmunks: Chipwrecked,2011,75000000,342695435,3.57,28.844,5.7
60307_Movie,Diary of a Wimpy Kid: Rodrick Rules,2011,21000000,72526996,2.45,28.707,6.6
81481_Movie,Silenced,2011,2200000,31500000,13.32,27.684,8.1
37430_Movie,Conan the Barbarian,2011,90000000,63523283,-0.29,27.466,5.3
23047_Movie,Season of the Witch,2011,40000000,91627228,1.29,27.267,5.5
51540_Movie,Horrible Bosses,2011,35000000,209838559,5.00,27.209,6.6
37686_Movie,Super 8,2011,50000000,260100000,4.20,27.009,6.8
68817_Movie,Footloose,2011,24000000,63543328,1.65,26.554,6.6
49520_Movie,The Change-Up,2011,52000000,75500000,0.45,26.248,6.152
74465_Movie,We Bought a Zoo,2011,50000000,120081841,1.40,26.087,6.8
50348_Movie,The Lincoln Lawyer,2011,40000000,85412898,1.14,26.037,7.2
60935_Movie,The Thing,2011,35000000,31505287,-0.10,25.762,6.2
23629_Movie,Sucker Punch,2011,82000000,89792502,0.10,25.719,6.2
76025_Movie,Shame,2011,6500000,3909002,-0.40,25.536,6.9
49021_Movie,Killer Elite,2011,66000000,57777106,-0.12,25.503,6.3
72213_Movie,Courageous,2011,1000000,35690739,34.69,25.052,7.6
74513_Movie,Special Forces,2011,10000000,3424648,-0.66,24.556,6.7
58233_Movie,Johnny English Reborn,2011,45000000,160078586,2.56,24.518,6.2
56288_Movie,Spy Kids: All the Time in the World,2011,27000000,85564310,2.17,24.493,4.7
38322_Movie,"Big Mommas: Like Father, Like Son",2011,32000000,82686066,1.58,24.276,5.5
49849_Movie,Cowboys & Aliens,2011,163000000,174822325,0.07,24.165,5.621
38050_Movie,The Adjustment Bureau,2011,50200000,127900000,1.55,24.135,6.762
60308_Movie,Moneyball,2011,50000000,110206216,1.20,23.982,7.3
65759_Movie,Happy Feet Two,2011,130000000,150406466,0.16,23.923,6.2
58428_Movie,The Innkeepers,2011,750000,78396,-0.90,23.325,5.399
57212_Movie,War Horse,2011,66000000,177584879,1.69,22.802,7.3
39538_Movie,Contagion,2011,60000000,137551594,1.29,22.793,6.6
52449_Movie,Bad Teacher,2011,20000000,216197492,9.81,22.234,5.6
50321_Movie,Mars Needs Moms,2011,150000000,39000000,-0.74,22.186,5.949
48340_Movie,Sanctum,2011,30000000,108609310,2.62,21.97,6
38543_Movie,Ironclad,2011,25000000,5151023,-0.79,21.938,6.1
49517_Movie,Tinker Tailor Soldier Spy,2011,30000000,80600000,1.69,21.5,6.621
59860_Movie,Monte Carlo,2011,20000000,39800000,0.99,21.43,6.6
44826_Movie,Hugo,2011,170000000,185770160,0.09,21.245,7.2
45772_Movie,Gnomeo & Juliet,2011,36000000,189712432,4.27,21.178,5.862
72571_Movie,Paranormal Activity 3,2011,5000000,207039844,40.41,21.114,5.9
38317_Movie,Zookeeper,2011,80000000,169900000,1.12,21.011,5.42
71469_Movie,The Darkest Hour,2011,30000000,64626786,1.15,20.849,5.3
57089_Movie,Hoodwinked Too! Hood VS. Evil,2011,30000000,13500000,-0.55,20.742,5.1
52451_Movie,The Three Musketeers,2011,75000000,132274484,0.76,20.393,5.8
10316_Movie,The Ides of March,2011,12500000,76338111,5.11,20.383,6.7
71880_Movie,Jack and Jill,2011,79000000,149700000,0.89,20.365,4.4
58224_Movie,Mr. Popper's Penguins,2011,55000000,187361754,2.41,20.187,6
59108_Movie,Tower Heist,2011,75000000,152930623,1.04,20.169,6.106
58151_Movie,Fright Night,2011,30000000,41002607,0.37,20.047,6.2
40805_Movie,The Green Hornet,2011,120000000,227817248,0.90,19.973,5.584
59861_Movie,Larry Crowne,2011,30000000,75055070,1.50,19.923,6
64586_Movie,Sleeping Beauty,2011,10000000,408680,-0.96,19.505,5.3
48138_Movie,Unknown,2011,30000000,130786397,3.36,19.505,6.678
62838_Movie,New Year's Eve,2011,56000000,142000000,1.54,19.452,5.9
101173_Movie,Coriolanus,2011,7700000,1072602,-0.86,19.434,5.853
48171_Movie,The Rite,2011,37000000,96047633,1.60,19.256,6.105
48988_Movie,Hall Pass,2011,36000000,83200000,1.31,19.185,5.7
49022_Movie,Something Borrowed,2011,35000000,65090821,0.86,18.995,6.3
59965_Movie,Abduction,2011,35000000,82087155,1.35,18.782,5.86
47327_Movie,Drive Angry,2011,50000000,40909909,-0.18,18.463,5.533
51162_Movie,Winnie the Pooh,2011,30000000,14460000,-0.52,18.46,6.9
50359_Movie,Hop,2011,63000000,183953723,1.92,18.298,5.766
45610_Movie,Machine Gun Preacher,2011,30000000,2527904,-0.92,18.288,6.7
65055_Movie,Shark Night 3D,2011,28000000,10126458,-0.64,17.823,4.992
67913_Movie,The Guard,2011,6000000,19560274,2.26,17.725,7
76758_Movie,The Flowers of War,2011,94000000,95311434,0.01,17.696,7.5
38684_Movie,Jane Eyre,2011,13000000,34710627,1.67,17.391,7.212
77459_Movie,A Monster in Paris,2011,25000000,26611650,0.06,17.175,6.881
55465_Movie,A Very Harold & Kumar Christmas,2011,19000000,36192775,0.90,17.145,6
70435_Movie,Haywire,2011,23000000,33372606,0.45,17.139,5.701
83389_Movie,From Up on Poppy Hill,2011,22000000,61037844,1.77,17.118,7.537
51052_Movie,Arthur Christmas,2011,10000000,151300000,14.13,17.088,6.8
62215_Movie,Melancholia,2011,7400000,15946321,1.15,16.699,7.171
49494_Movie,The Eagle,2011,25000000,27122040,0.08,16.63,6.2
62206_Movie,30 Minutes or Less,2011,28000000,40500000,0.45,16.429,5.782
63492_Movie,What's Your Number?,2011,20000000,30426096,0.52,16.33,6.5
38356_Movie,Transformers: Dark of the Moon,2011,195000000,1123794079,4.76,16.224,6.209
85621_Movie,Men in Hope,2011,1130710,6638849,4.87,16.099,7.467
70578_Movie,Trespass,2011,36000000,9612469,-0.73,16.05,5.5
55292_Movie,Shaolin,2011,29000000,33662874,0.16,15.931,6.9
8967_Movie,The Tree of Life,2011,32000000,54700000,0.71,15.661,6.737
50456_Movie,Hanna,2011,30000000,63782078,1.13,15.492,6.6
64685_Movie,Extremely Loud & Incredibly Close,2011,40000000,55200000,0.38,15.469,6.975
69668_Movie,Dream House,2011,50000000,39984400,-0.20,15.468,6.182
61202_Movie,Zindagi Na Milegi Dobara,2011,7700000,160000000,19.78,15.34,7.6
50837_Movie,Martha Marcy May Marlene,2011,1000000,3500000,2.50,15.261,6.616
38117_Movie,Beastly,2011,17000000,43200000,1.54,15.259,6.3
65057_Movie,The Descendants,2011,20000000,177200000,7.86,15.129,6.8
57331_Movie,Largo Winch II,2011,21200000,14400000,-0.32,15.017,5.873
40807_Movie,50/50,2011,8000000,39187783,3.90,14.882,7.169
77949_Movie,The Awakening,2011,4798235,6879667,0.43,14.65,6.372
64720_Movie,Take Shelter,2011,5000000,3741098,-0.25,14.539,7
81390_Movie,A Lonely Place to Die,2011,4000000,25345000,5.34,14.466,6.2
57431_Movie,The Sitter,2011,25000000,34942188,0.40,14.429,5.6
64328_Movie,The Muppets,2011,45000000,165184237,2.67,14.399,6.7
74998_Movie,Seeking Justice,2011,17000000,14089528,-0.17,14.123,5.912
64639_Movie,Straw Dogs,2011,25000000,10324441,-0.59,13.813,5.923
48572_Movie,Red State,2011,4000000,1104682,-0.72,13.762,6.1
9364_Movie,Wuthering Heights,2011,5692172,1742215,-0.69,13.762,5.9
59678_Movie,Attack the Block,2011,14350531,3964682,-0.72,13.71,6.5
23514_Movie,The Rum Diary,2011,45000000,24000000,-0.47,13.646,5.9
62564_Movie,"Turn Me On, Dammit!",2011,3100000,1743743,-0.44,13.547,6.336
43959_Movie,Soul Surfer,2011,18000000,47088990,1.62,13.346,7
77495_Movie,Sleep Tight,2011,5000000,8791590,0.76,13.326,7.1
54897_Movie,The Grace Card,2011,200000,2295733,10.48,13.305,7.2
48231_Movie,A Dangerous Method,2011,15000000,27462041,0.83,13.25,6.4
55787_Movie,Water for Elephants,2011,38000000,117094902,2.08,13.105,6.9
49950_Movie,The Roommate,2011,16000000,52545707,2.28,12.873,5.4
60243_Movie,A Separation,2011,5000000,24426169,3.89,12.871,7.9
71688_Movie,The Iron Lady,2011,13000000,115890792,7.91,12.714,6.4
74725_Movie,Kill List,2011,500000,450275,-0.10,12.683,6.201
85545_Movie,Elles,2011,4000000,911466,-0.77,12.661,5.4
74643_Movie,The Artist,2011,15000000,133432856,7.90,12.568,7.456
55420_Movie,Another Earth,2011,100000,1938783,18.39,12.471,6.7
62630_Movie,The Devil's Double,2011,19100000,5728213,-0.70,12.329,6.7
38319_Movie,Your Highness,2011,49900000,28013733,-0.44,12.142,5.3
50725_Movie,Take Me Home Tonight,2011,19000000,6900000,-0.64,12.047,5.979
67911_Movie,Bucky Larson: Born to Be a Star,2011,10000000,2500000,-0.75,11.964,4.3
50357_Movie,Apollo 18,2011,5000000,25562924,4.11,11.905,5.3
89708_Movie,Samsara,2011,4000000,2639616,-0.34,11.899,8.1
59117_Movie,Torrente 4: Lethal crisis,2011,7500000,29737384,2.96,11.875,5.5
75198_Movie,Welcome Aboard,2011,12000000,9927260,-0.17,11.869,5.491
94047_Movie,My Way,2011,25500000,16653488,-0.35,11.868,7.852
57157_Movie,Young Adult,2011,12000000,22939027,0.91,11.847,5.8
74536_Movie,The Son of No One,2011,15000000,618425,-0.96,11.706,5.1
45658_Movie,Everything Must Go,2011,5000000,2614773,-0.48,11.597,6.155
62837_Movie,Dolphin Tale,2011,37000000,95404397,1.58,11.555,6.9
79464_Movie,Rockstar,2011,10920000,19660000,0.80,11.459,7.3
58232_Movie,Chalet Girl,2011,8000000,5468650,-0.32,11.449,6.4
49012_Movie,Arthur,2011,40000000,48147945,0.20,11.397,5.5
79553_Movie,The Front Line,2011,10000000,15786086,0.58,11.321,7.2
63493_Movie,The Ledge,2011,10000000,610986,-0.94,11.291,6.133
61891_Movie,Anonymous,2011,30000000,15395087,-0.49,11.189,6.4
55347_Movie,Beginners,2011,3200000,14311701,3.47,11.157,6.848
73499_Movie,The Double,2011,17000000,4729855,-0.72,11.038,5.797
72113_Movie,Carnage,2011,25000000,30722632,0.23,10.95,7.2
41517_Movie,Ra.One,2011,24000000,35911689,0.50,10.928,5.7
57119_Movie,Jumping the Broom,2011,6600000,37700000,4.71,10.911,5.9
81401_Movie,The Turin Horse,2011,1000000,162088,-0.84,10.782,7.7
79120_Movie,Weekend,2011,120000,484592,3.04,10.765,7.275
63207_Movie,Intruders,2011,13000000,3012210,-0.77,10.694,5.5
60420_Movie,Like Crazy,2011,250000,3542353,13.17,10.69,6.4
89008_Movie,The Oranges,2011,7000000,1941667,-0.72,10.599,5.51
53487_Movie,This Must Be the Place,2011,25000000,11790979,-0.53,10.579,7
41109_Movie,Don 2,2011,11000000,2900000,-0.74,10.554,7
88794_Movie,J. Edgar,2011,35000000,84606030,1.42,10.491,6.231
75622_Movie,Rampart,2011,12000000,972512,-0.92,10.46,5.5
78206_Movie,Chicken with Plums,2011,12000000,3265941,-0.73,10.441,7.1
72478_Movie,Suicide Room,2011,1400000,4878284,2.48,10.419,7.3
50780_Movie,The Beaver,2011,21000000,970816,-0.95,10.395,6.4
77117_Movie,Sunny,2011,3550000,48000000,12.52,10.291,7.8
73937_Movie,The Big Year,2011,41000000,8200000,-0.80,10.281,6
44564_Movie,The Dilemma,2011,70000000,67112664,-0.04,10.253,5.3
76349_Movie,1911,2011,30000000,3807134,-0.87,10.205,5.7
79224_Movie,War of the Arrows,2011,8000000,49000000,5.13,10.165,7.2
80591_Movie,W.E.,2011,15000000,868439,-0.94,10.073,6.4
54518_Movie,Justin Bieber: Never Say Never,2011,13000000,99036827,6.62,10.06,5.196
59968_Movie,Our Idiot Brother,2011,5000000,24816118,3.96,10.056,6.1
73873_Movie,Albert Nobbs,2011,8000000,5634828,-0.30,10.046,6.3
70586_Movie,Setup,2011,20000000,2128186,-0.89,10.03,4.9
75900_Movie,My Week with Marilyn,2011,6400000,35100000,4.48,9.989,6.7
62046_Movie,Flypaper,2011,5000000,3142154,-0.37,9.907,6.4
38753_Movie,Passion Play,2011,8000000,25603,-1.00,9.749,4.8
60309_Movie,The Conspirator,2011,25000000,15478800,-0.38,9.591,6.5
81870_Movie,Flying Swords of Dragon Gate,2011,35000000,127709,-1.00,9.574,6.3
50601_Movie,5 Days of War,2011,20000000,87793,-1.00,9.553,5.621
51497_Movie,Fast Five,2011,125000000,626100000,4.01,9.524,7.242
51017_Movie,Madea's Big Happy Family,2011,25000000,54161287,1.17,9.417,6.7
60422_Movie,Another Happy Day,2011,4000000,355688,-0.91,9.323,5.6
313230_Movie,Warriors of the Rainbow: Seediq Bale - Part 2: The Rainbow Bridge,2011,25000000,29000000,0.16,9.281,8.1
78570_Movie,Top Cat: The Movie,2011,6000000,16611575,1.77,9.275,5.9
58882_Movie,Snow Flower and the Secret Fan,2011,134005,1332231,8.94,9.237,6.1
55725_Movie,Win Win,2011,10831173,10654385,-0.02,9.222,6.828
69798_Movie,The Inbetweeners Movie,2011,4500000,88823111,18.74,8.97,6.2
59296_Movie,"Love, Wedding, Marriage",2011,13000000,51917,-1.00,8.962,5.2
73963_Movie,Creature,2011,3000000,533235,-0.82,8.957,5.316
70590_Movie,Singham,2011,4800000,30000000,5.25,8.848,6.507
56780_Movie,Atlas Shrugged: Part I,2011,20000000,4627375,-0.77,8.846,5.4
98344_Movie,Warriors of the Rainbow: Seediq Bale - Part 1: The Sun Flag,2011,25000000,29000000,0.16,8.831,7.3
60062_Movie,Judy Moody and the Not Bummer Summer,2011,20000000,14166853,-0.29,8.828,6.1
49010_Movie,Hobo with a Shotgun,2011,3000000,748453,-0.75,8.729,5.9
44754_Movie,Margaret,2011,14000000,46495,-1.00,8.713,6.4
57586_Movie,African Cats,2011,5000000,30857747,5.17,8.595,7.351
70868_Movie,I Don't Know How She Does It,2011,24000000,31410151,0.31,8.57,5.2
56401_Movie,The Music Never Stopped,2011,4000000,253899,-0.94,8.564,7.2
67308_Movie,3-D Sex and Zen: Extreme Ecstasy,2011,3500000,10306807,1.94,8.477,5.5
78381_Movie,Twixt,2011,7000000,647839,-0.91,8.412,5.1
43935_Movie,Dylan Dog: Dead of Night,2011,20000000,4634062,-0.77,8.272,4.7
57276_Movie,Pina,2011,4317946,14624826,2.39,8.07,7.425
67748_Movie,Snowtown,2011,2000000,1349387,-0.33,7.958,6.3
67675_Movie,Glee: The Concert Movie,2011,9000000,18700000,1.08,7.857,7.3
85495_Movie,Twilight Portrait,2011,20000,154098,6.70,7.797,6.3
84355_Movie,Your Sister's Sister,2011,125000,3242802,24.94,7.728,6.5
79777_Movie,In the Land of Blood and Honey,2011,10000000,303877,-0.97,7.685,5.8
74639_Movie,Overheard 2,2011,8000000,4040142,-0.49,7.645,6.5
51588_Movie,Prom,2011,8000000,10130000,0.27,7.638,6.112
77221_Movie,Black Gold,2011,40000000,5446000,-0.86,7.63,6.5
55720_Movie,A Better Life,2011,10000000,1800000,-0.82,7.603,7.2
76994_Movie,Box Office 3D: The Filmest of Films,2011,5000000,2777000,-0.44,7.598,2.804
92182_Movie,Silent House,2011,2000000,13101672,5.55,7.594,5.4
53174_Movie,Kokowääh,2011,5650000,43000000,6.61,7.567,6.3
87368_Movie,17 Girls,2011,4141459,201607,-0.95,7.491,5.5
81857_Movie,Alps,2011,97000,15292,-0.84,7.373,6.3
73532_Movie,Le Havre,2011,3850000,4230854,0.10,7.365,7
57353_Movie,Cat Run,2011,25000000,65708,-1.00,7.209,5.331
74505_Movie,Lovely Molly,2011,1000000,18463,-0.98,7.169,5.1
47760_Movie,Restless,2011,8000000,2500000,-0.69,7.147,6.515
91550_Movie,Violet & Daisy,2011,8000000,108139,-0.99,7.11,6.1
77461_Movie,Where Do We Go Now?,2011,6700000,21000000,2.13,6.981,7.5
104711_Movie,Tom Sawyer,2011,8500000,2963639,-0.65,6.853,5.9
85435_Movie,A Few Best Men,2011,14400000,15500000,0.08,6.851,5.7
66120_Movie,The Monk,2011,11000000,1809527,-0.84,6.81,5.4
58522_Movie,Boris: The Film,2011,3347850,1248748,-0.63,6.766,6.928
91070_Movie,L!fe Happens,2011,930000,30905,-0.97,6.667,5.5
81273_Movie,The Dirty Picture,2011,2600000,17000000,5.54,6.18,6.3
67109_Movie,Delhi Belly,2011,4090000,18035000,3.41,6.17,7.1
51995_Movie,Salvation Boulevard,2011,5500000,89182,-0.98,6.162,5.3
93188_Movie,Beloved,2011,8978040,77348,-0.99,5.982,6.2
74458_Movie,Mere Brother Ki Dulhan,2011,5510000,18050000,2.28,5.971,5.9
58699_Movie,Bellflower,2011,17000,101236,4.96,5.84,5.93
58166_Movie,Lessons of a Dream,2011,6700000,1373312,-0.80,5.833,7
76788_Movie,Mankatha,2011,6100000,28000000,3.59,5.815,6.7
61672_Movie,Titeuf,2011,15000000,13970489,-0.07,5.676,5.8
59415_Movie,My Friends: Act IV – How It All Began,2011,15000000,3333050,-0.78,5.651,4.1
66150_Movie,Life in a Day,2011,45202,225861,4.00,5.609,7.2
84404_Movie,Bully,2011,1100000,3483795,2.17,5.58,7.2
69938_Movie,Trap.com,2011,1483515,7586448,4.11,5.569,5
65521_Movie,Pyaar Ka Punchnama,2011,1400000,7200000,4.14,5.56,6.8
80379_Movie,Louis C.K.: Live at the Beacon Theater,2011,250000,1000000,3.00,5.489,7.829
77944_Movie,The Worst Week of My Life,2011,11000000,12935800,0.18,5.466,6.1
78172_Movie,Lan Kwai Fong,2011,577450,1154901,1.00,5.413,4.2
82469_Movie,The Kick,2011,3500000,517069,-0.85,5.385,5.2
180272_Movie,Friends: Naki on Monster Island,2011,1490000,378187,-0.75,5.369,7.1
83860_Movie,October Baby,2011,1000000,5396618,4.40,5.34,6.3
91073_Movie,Late Autumn,2011,6200000,4820000,-0.22,5.316,6.9
65946_Movie,Ready,2011,5800000,27000000,3.66,5.177,5
73939_Movie,Pariah,2011,500000,769552,0.54,4.978,6.9
53319_Movie,What a Beautiful Day,2011,6000000,43500000,6.25,4.869,6.532
73869_Movie,The Last Man on Earth,2011,2300000,159846,-0.93,4.836,5.6
58333_Movie,Tanu Weds Manu,2011,400000,252000,-0.37,4.569,6.816
60592_Movie,The Importance of Tying Your Own Shoes,2011,950000,5012245,4.28,4.565,6.4
107227_Movie,23:59,2011,600000,1208479,1.01,4.523,4.8
24428_Movie,The Avengers,2012,220000000,1518815515,5.90,186.111,7.73
50620_Movie,The Twilight Saga: Breaking Dawn - Part 2,2012,120000000,829747654,5.91,97.238,6.461
49051_Movie,The Hobbit: An Unexpected Journey,2012,250000000,1021103568,3.08,88.877,7.357
57800_Movie,Ice Age: Continental Drift,2012,95000000,877244782,8.23,81.518,6.38
73723_Movie,The Lorax,2012,70000000,349305397,3.99,80.563,6.5
1930_Movie,The Amazing Spider-Man,2012,215000000,757930663,2.53,77.777,6.7
49026_Movie,The Dark Knight Rises,2012,250000000,1081041287,3.32,72.208,7.8
75780_Movie,Jack Reacher,2012,60000000,218300000,2.64,71.769,6.64
62177_Movie,Brave,2012,185000000,539000000,1.91,67.249,7.02
80321_Movie,Madagascar 3: Europe's Most Wanted,2012,145000000,746921274,4.15,64.922,6.6
70160_Movie,The Hunger Games,2012,75000000,694394724,8.26,62.5,7.214
68718_Movie,Django Unchained,2012,100000000,425368238,3.25,60.467,8.183
82690_Movie,Wreck-It Ralph,2012,165000000,471222889,1.86,57.939,7.342
76492_Movie,Hotel Transylvania,2012,85000000,358375603,3.22,56.113,7
22970_Movie,The Cabin in the Woods,2012,30000000,71038838,1.37,53.47,6.6
72105_Movie,Ted,2012,50000000,549368315,9.99,53.05,6.4
57214_Movie,Project X,2012,12000000,102731865,7.56,52.467,6.881
44833_Movie,Battleship,2012,209000000,303025485,0.45,50.831,5.861
81188_Movie,Rise of the Guardians,2012,145000000,306941670,1.12,48.601,7.4
64688_Movie,21 Jump Street,2012,42000000,201585328,3.80,47.939,6.9
71552_Movie,American Reunion,2012,50000000,234989584,3.70,46.947,6.297
76726_Movie,Chronicle,2012,15000000,145000000,8.67,46.737,6.8
57165_Movie,Wrath of the Titans,2012,150000000,301970083,1.01,46.287,5.7
70981_Movie,Prometheus,2012,130000000,403354469,2.10,46.151,6.6
82675_Movie,Taken 2,2012,45000000,376100000,7.36,45.673,6.4
87428_Movie,That's My Boy,2012,70000000,58100000,-0.17,45.325,5.821
72545_Movie,Journey 2: The Mysterious Island,2012,79000000,355692760,3.50,44.495,6.152
49529_Movie,John Carter,2012,250000000,284100000,0.14,44.294,6.327
114150_Movie,Pitch Perfect,2012,17000000,115647426,5.80,43.481,7.3
37724_Movie,Skyfall,2012,200000000,1108594176,4.54,43.293,7.247
103663_Movie,The Hunt,2012,3800000,18300000,3.82,41.569,8.1
76163_Movie,The Expendables 2,2012,100000000,314975955,2.15,41.329,6.347
82507_Movie,Sinister,2012,3000000,82515113,26.51,41.134,6.9
94329_Movie,The Raid,2012,1100000,9148519,7.32,40.973,7.405
87827_Movie,Life of Pi,2012,120000000,609016565,4.08,39.406,7.4
41154_Movie,Men in Black 3,2012,225000000,624000000,1.77,39.044,6.5
77877_Movie,The Lucky One,2012,25000000,99400000,2.98,38.182,7.2
58595_Movie,Snow White and the Huntsman,2012,170000000,396600000,1.33,36.278,6
52520_Movie,Underworld: Awakening,2012,70000000,160112671,1.29,36.167,6.322
84892_Movie,The Perks of Being a Wallflower,2012,13000000,33384127,1.57,35.708,7.8
76493_Movie,The Dictator,2012,65000000,179379533,1.76,34.436,6.2
87502_Movie,Flight,2012,31000000,161772575,4.22,34.412,6.842
62213_Movie,Dark Shadows,2012,150000000,245527149,0.64,31.393,6.1
59967_Movie,Looper,2012,30000000,47042000,0.57,31.148,6.889
49040_Movie,The Bourne Legacy,2012,130000000,276600000,1.13,30.584,6.228
97630_Movie,Zero Dark Thirty,2012,40000000,132800000,2.32,29.88,7
118957_Movie,Bait,2012,30000000,32500000,0.08,29.489,5.7
61012_Movie,Silent Hill: Revelation 3D,2012,20000000,55362705,1.77,29.303,5.5
64635_Movie,Total Recall,2012,125000000,198800000,0.59,29.058,6.02
121734_Movie,"Tad, the Lost Explorer",2012,10500000,23000000,1.19,29.028,6.3
72331_Movie,Abraham Lincoln: Vampire Hunter,2012,69000000,116500000,0.69,28.608,5.7
80278_Movie,The Impossible,2012,45000000,198100000,3.40,28.089,7.362
82695_Movie,Les Misérables,2012,61000000,442636309,6.26,27.716,7.3
62214_Movie,Frankenweenie,2012,39000000,81493846,1.09,26.921,6.992
68734_Movie,Argo,2012,44500000,232300000,4.22,26.873,7.278
83542_Movie,Cloud Atlas,2012,102000000,130482868,0.28,26.684,6.886
62764_Movie,Mirror Mirror,2012,85000000,183018522,1.15,26.259,5.9
60747_Movie,Red Dawn,2012,65000000,44806783,-0.31,26.192,5.706
75174_Movie,The Grey,2012,25000000,79781695,2.19,25.95,6.6
82693_Movie,Silver Linings Playbook,2012,21000000,236412453,10.26,25.933,7.1
77174_Movie,ParaNorman,2012,60000000,107139399,0.79,25.704,6.989
49049_Movie,Dredd,2012,50000000,41037742,-0.18,25.039,6.84
72387_Movie,Safe,2012,30000000,40300000,0.34,24.751,6.485
87825_Movie,Trouble with the Curve,2012,60000000,49000000,-0.18,24.514,6.993
98567_Movie,Chinese Zodiac,2012,26000000,171300000,5.59,24.3,6.2
103332_Movie,Ruby Sparks,2012,8000000,9368803,0.17,23.735,7.1
89492_Movie,This Is 40,2012,35000000,88200000,1.52,23.489,5.9
113947_Movie,The Sessions,2012,1000000,9138338,8.14,23.013,6.902
72570_Movie,The Vow,2012,30000000,196114570,5.54,22.748,7.2
127493_Movie,Stolen,2012,35000000,2106557,-0.94,22.067,5.465
71668_Movie,Piranha 3DD,2012,5000000,8493728,0.70,22.009,4.314
85446_Movie,Step Up Revolution,2012,33000000,140470746,3.26,21.968,6.9
82650_Movie,Diary of a Wimpy Kid: Dog Days,2012,22000000,76196538,2.46,21.719,6.3
76494_Movie,What to Expect When You're Expecting,2012,40000000,79700000,0.99,21.541,5.997
72976_Movie,Lincoln,2012,65000000,275300000,3.24,21.453,6.9
75674_Movie,Act of Valor,2012,12000000,82499399,5.87,21.244,6.5
77883_Movie,The Possession,2012,14000000,85400000,5.10,21.164,6.037
65086_Movie,The Woman in Black,2012,32000000,129000000,3.03,20.822,6.1
59962_Movie,This Means War,2012,65000000,156974557,1.41,20.733,6.2
10679_Movie,Iron Sky,2012,7500000,10109659,0.35,20.331,5.7
75638_Movie,Red Lights,2012,14000000,13551174,-0.03,19.64,6.2
83666_Movie,Moonrise Kingdom,2012,16000000,68263166,3.27,19.607,7.685
103686_Movie,Paradise: Love,2012,3600000,24267,-0.99,19.586,6.8
93856_Movie,Chernobyl Diaries,2012,1000000,38390020,37.39,19.554,5.3
126319_Movie,Ernest & Celestine,2012,12516654,8109160,-0.35,19.463,7.8
77866_Movie,Contraband,2012,25000000,96262212,2.85,19.333,6.331
75629_Movie,Evangelion: 3.0 You Can (Not) Redo,2012,13000000,67282623,4.18,19.22,7.2
87826_Movie,Here Comes the Boom,2012,42000000,73100000,0.74,19.166,6.188
77016_Movie,End of Watch,2012,7000000,55078146,6.87,19,7.3
96724_Movie,Anna Karenina,2012,40600000,68929150,0.70,18.675,6.7
76489_Movie,The Three Stooges,2012,30000000,54819301,0.83,18.576,5.8
84188_Movie,Compliance,2012,270000,592116,1.19,18.297,6.367
72358_Movie,A Thousand Words,2012,40000000,22044277,-0.45,18.292,6.1
64689_Movie,Killing Them Softly,2012,15000000,37930465,1.53,18.281,6.024
80389_Movie,Get the Gringo,2012,35000000,8826837,-0.75,18.08,6.581
80035_Movie,The Watch,2012,68000000,68267862,0.00,17.976,5.584
72431_Movie,Red Tails,2012,58000000,50365377,-0.13,17.905,6.6
59961_Movie,Safe House,2012,85000000,208076205,1.45,17.852,6.5
80280_Movie,[REC]³ Genesis,2012,6400000,11019975,0.72,17.842,5.291
103620_Movie,Maniac,2012,6000000,2631275,-0.56,17.513,6
80271_Movie,LOL,2012,11000000,10500000,-0.05,17.463,6.1
77930_Movie,Magic Mike,2012,7000000,167200000,22.89,17.397,6.2
82505_Movie,House at the End of the Street,2012,6900000,44287131,5.42,17.3,5.8
68722_Movie,The Master,2012,32000000,28258060,-0.12,17.071,7.117
38541_Movie,The Divide,2012,3000000,156362,-0.95,17.015,5.927
71864_Movie,The Odd Life of Timothy Green,2012,25000000,56012642,1.24,16.837,7
83686_Movie,The Words,2012,6000000,13231461,1.21,16.751,6.644
82990_Movie,Paranormal Activity 4,2012,5000000,142802657,27.56,16.258,5.407
81796_Movie,Lockout,2012,20000000,32948113,0.65,16.228,5.937
58244_Movie,Upside Down,2012,60000000,22187813,-0.63,16.121,6.272
78698_Movie,Big Miracle,2012,40000000,24719215,-0.38,16.11,6.7
82633_Movie,Lawless,2012,26000000,55404207,1.13,16.039,7.1
77953_Movie,The Campaign,2012,95000000,104907746,0.10,15.54,5.824
74534_Movie,The Best Exotic Marigold Hotel,2012,10000000,136800000,12.68,15.438,6.944
133694_Movie,Promised Land,2012,15000000,8100000,-0.46,15.363,6.287
122857_Movie,Universal Soldier: Day of Reckoning,2012,11500000,1402307,-0.88,15.184,5.5
68812_Movie,The Iceman,2012,20000000,1969193,-0.90,15.137,6.5
103328_Movie,Holy Motors,2012,4000000,641100,-0.84,15.118,6.991
93837_Movie,So Undercover,2012,15000000,2500000,-0.83,15.048,6.129
82525_Movie,Savages,2012,45000000,82966152,0.84,15.042,6.349
115210_Movie,Stitches,2012,100000,95000,-0.05,15.032,6.3
99770_Movie,Asterix & Obelix: God Save Britannia,2012,61000000,61319383,0.01,15.009,5.095
70074_Movie,Bullet to the Head,2012,55000000,9489829,-0.83,14.734,5.6
72197_Movie,The Pirates! In an Adventure with Scientists!,2012,60000000,123054041,1.05,14.55,6.5
97430_Movie,The Man with the Iron Fists,2012,15000000,20546518,0.37,14.504,5.5
83770_Movie,On the Road,2012,25000000,8784318,-0.65,14.492,5.6
80585_Movie,Rock of Ages,2012,75000000,59400000,-0.21,14.489,6.2
82390_Movie,The Paperboy,2012,12500000,1353868,-0.89,14.486,5.5
123678_Movie,The Act of Killing,2012,1000000,722714,-0.28,14.419,7.7
68179_Movie,Escape from Planet Earth,2012,40000000,74597643,0.86,14.309,5.7
67660_Movie,Think Like a Man,2012,12000000,96070507,7.01,14.272,6.8
118628_Movie,English Vinglish,2012,2840000,11620000,3.09,14.204,7.2
72207_Movie,The Five-Year Engagement,2012,30000000,54169363,0.81,14.068,5.848
137548_Movie,Gladiators of Rome,2012,40000000,10079201,-0.75,14.067,5.7
81025_Movie,Salmon Fishing in the Yemen,2012,14400000,34564651,1.40,14.065,6.436
79694_Movie,The Apparition,2012,17000000,9627492,-0.43,14.001,4.5
117691_Movie,Gangs of Wasseypur - Part 1,2012,1400000,4100000,1.93,13.987,7.1
86838_Movie,Seven Psychopaths,2012,15000000,33035736,1.20,13.956,6.8
76487_Movie,The Devil Inside,2012,1000000,101800000,100.80,13.93,4.7
103370_Movie,Madea's Witness Protection,2012,20000000,66899242,2.34,13.912,6.1
50647_Movie,Wanderlust,2012,35000000,24200000,-0.31,13.901,5.502
94348_Movie,Alex Cross,2012,45000000,30353232,-0.33,13.867,5.186
86837_Movie,Amour,2012,8900000,29800000,2.35,13.836,7.762
112336_Movie,Hitchcock,2012,15700000,23570541,0.50,13.791,6.6
88273_Movie,A Royal Affair,2012,8000000,14800000,0.85,13.691,7.4
49526_Movie,Premium Rush,2012,35000000,31100000,-0.11,13.643,6.3
70436_Movie,The Raven,2012,26000000,29657751,0.14,13.627,6.288
97614_Movie,Deadfall,2012,12000000,1900000,-0.84,13.489,6
96399_Movie,Outlaws - For Greater Glory,2012,12000000,10173682,-0.15,13.484,6.753
54054_Movie,One for the Money,2012,40000000,36893721,-0.08,13.484,5.6
88042_Movie,Parental Guidance,2012,25000000,119772232,3.79,13.445,6
49527_Movie,Man on a Ledge,2012,42000000,46221189,0.10,13.413,6.427
139567_Movie,Fire with Fire,2012,20000000,2500277,-0.87,13.167,5.674
87496_Movie,The Company You Keep,2012,2000000,20014680,9.01,13.111,6.174
149427_Movie,Journey to the Christmas Star,2012,5000000,7419431,0.48,12.973,6
121642_Movie,Twice Born,2012,13000000,18295,-1.00,12.801,7.3
110146_Movie,The Sapphires,2012,9000000,20400000,1.27,12.723,6.8
82687_Movie,The Guilt Trip,2012,40000000,41863726,0.05,12.717,5.597
134126_Movie,A Company Man,2012,3500000,7339398,1.10,12.672,6.8
84174_Movie,Bachelorette,2012,3000000,11947954,2.98,12.653,5.407
84199_Movie,The First Time,2012,2000000,92654,-0.95,12.598,7
49014_Movie,Cosmopolis,2012,20500000,6063556,-0.70,12.5,5.7
73567_Movie,Killer Joe,2012,10000000,4633668,-0.54,12.473,6.5
102207_Movie,HOUBA! On the Trail of the Marsupilami,2012,50000000,50100000,0.00,12.456,5.3
123105_Movie,The Bay,2012,2000000,1581252,-0.21,12.318,5.8
88005_Movie,Seeking a Friend for the End of the World,2012,10000000,9636289,-0.04,12.09,6.572
164372_Movie,The Snow Queen,2012,7000000,12400000,0.77,12.043,5.8
126250_Movie,Love Is All You Need,2012,5500000,16722143,2.04,11.91,6
84332_Movie,Safety Not Guaranteed,2012,750000,4424699,4.90,11.893,6.785
123103_Movie,Aftershock,2012,2000000,58510,-0.97,11.794,5.1
109513_Movie,Hit & Run,2012,2000000,14400000,6.20,11.698,5.699
123377_Movie,Pieta,2012,103000,6616296,63.24,11.672,7.1
60599_Movie,Arbitrage,2012,12000000,35500000,1.96,11.648,6.315
84200_Movie,"For a Good Time, Call...",2012,850000,1243961,0.46,11.471,5.9
84329_Movie,Robot & Frank,2012,2500000,3325038,0.33,11.411,6.9
224746_Movie,Bekas,2012,2176270,479226,-0.78,11.376,7.505
86467_Movie,Bel Ami,2012,9000000,8303261,-0.08,11.371,5.3
81836_Movie,To Rome with Love,2012,17000000,73200000,3.31,11.289,5.8
116977_Movie,Foodfight!,2012,65000000,73706,-1.00,11.214,1.899
138122_Movie,Student of the Year,2012,8391922,13749809,0.64,11.187,5.7
111237_Movie,White Tiger,2012,11000000,7200000,-0.35,10.999,5.7
82696_Movie,Hope Springs,2012,30000000,114281051,2.81,10.844,6.257
90369_Movie,Now Is Good,2012,4500000,2700000,-0.40,10.776,7.3
85739_Movie,ACAB : All Cops Are Bastards,2012,5000000,3300000,-0.34,10.688,7
130739_Movie,A Coffee in Berlin,2012,300000,2750275,8.17,10.669,7.2
77875_Movie,Playing for Keeps,2012,35000000,30962335,-0.12,10.485,5.7
84334_Movie,Searching for Sugar Man,2012,1000000,3696196,2.70,10.433,7.879
127501_Movie,Barfi!,2012,4437508,2804874,-0.37,10.41,7.5
89584_Movie,Conquest 1453,2012,2581561,9001826,2.49,10.379,6.057
84165_Movie,2 Days in New York,2012,8000000,1653792,-0.79,10.264,5.6
59963_Movie,Dark Tide,2012,25000000,432274,-0.98,10.194,4.8
121826_Movie,Quartet,2012,11000000,59520298,4.41,10.119,6.5
97365_Movie,Rust and Bone,2012,15400000,25762027,0.67,10.086,7.2
143010_Movie,Thuppakki,2012,11000000,23000000,1.09,10.034,7.2
84175_Movie,Beasts of the Southern Wild,2012,1800000,21107746,10.73,9.995,6.8
148265_Movie,Eega,2012,5990000,19450000,2.25,9.981,7.1
92591_Movie,Bernie,2012,5000000,9206470,0.84,9.938,6.6
82450_Movie,Hamilton: In the Interest of the Nation,2012,6629445,8249053,0.24,9.916,6.1
121835_Movie,Lore,2012,4000000,970000,-0.76,9.877,6.8
101267_Movie,Katy Perry: Part of Me,2012,12000000,32726956,1.73,9.761,7.2
77948_Movie,The Cold Light of Day,2012,20000000,16863583,-0.16,9.728,5.4
98548_Movie,People Like Us,2012,16000000,12434778,-0.22,9.697,6.8
81446_Movie,The Baytown Outlaws,2012,4000000,37470,-0.99,9.666,5.963
84341_Movie,Smashed,2012,500000,377000,-0.25,9.661,6.5
88036_Movie,Sparkle,2012,14000000,24637469,0.76,9.647,6.2
94196_Movie,Zarafa,2012,10750000,12197574,0.13,9.613,6.8
139455_Movie,Silent Night,2012,5000000,130781,-0.97,9.475,5.2
102632_Movie,Rowdy Rathore,2012,6700000,31000000,3.63,9.469,5.9
116613_Movie,The Sweeney,2012,3730500,6294161,0.69,9.434,5.7
132316_Movie,Jab Tak Hai Jaan,2012,6087315,27942181,3.59,9.389,7.1
94904_Movie,7 Days in Havana,2012,3800000,197911,-0.95,9.186,5.7
85870_Movie,My Way,2012,27563396,29193330,0.06,9.1,6.5
119738_Movie,Thunderstruck,2012,587211,587211,0.00,9.059,6.1
135718_Movie,OMG: Oh My God!,2012,2500000,19000000,6.60,9.028,7.2
84336_Movie,Shadow Dancer,2012,6300000,1777709,-0.72,9.001,5.9
110323_Movie,Thérèse,2012,12700000,4408087,-0.65,8.701,5.8
62008_Movie,Good Deeds,2012,14000000,35579177,1.54,8.665,6.2
89691_Movie,ATM,2012,3000000,921752,-0.69,8.582,5
82679_Movie,Fun Size,2012,14000000,11417362,-0.18,8.461,5.6
151743_Movie,Lost in Thailand,2012,2200000,208000000,93.55,8.448,6.407
97512_Movie,The Courier,2012,15500000,58387,-1.00,8.273,5
72334_Movie,Chimpanzee,2012,5000000,34823764,5.96,8.25,7
82532_Movie,"Jeff, Who Lives at Home",2012,10000000,4400000,-0.56,8.213,6.212
142487_Movie,The Precocious and Brief Life of Sabina Rivas,2012,4620000,2395000,-0.48,8.121,7
63574_Movie,Joyful Noise,2012,25000000,31158113,0.25,8.104,6.5
160070_Movie,Apartment 1303 3D,2012,5000000,3377891,-0.32,8.026,3.6
134371_Movie,Atlas Shrugged: Part II,2012,10000000,3336053,-0.67,7.891,5.2
102001_Movie,Like Someone in Love,2012,4800000,562878,-0.88,7.845,6.9
84305_Movie,Lay the Favorite,2012,26350000,1576687,-0.94,7.754,5.254
78461_Movie,Beneath the Darkness,2012,7300000,23998,-1.00,7.709,4.764
85985_Movie,Ek Tha Tiger,2012,9400000,62580000,5.66,7.394,6.1
96714_Movie,Diaz - Don't Clean Up This Blood,2012,6453637,1800000,-0.72,7.32,7.2
85038_Movie,Welcome to the North,2012,6000000,35000000,4.83,7.318,5.8
82618_Movie,Girl in Progress,2012,5000000,4709246,-0.06,7.288,5.6
85052_Movie,Housefull 2,2012,6071922,25097277,3.13,7.273,5.5
84858_Movie,Agneepath,2012,8700000,28000000,2.22,7.116,6.363
82825_Movie,Kahaani,2012,1200000,16000000,12.33,7.092,7.2
139900_Movie,The Apostle,2012,7648160,59810,-0.99,7.08,7.5
86868_Movie,Would I Lie to You? 3,2012,25496629,40924982,0.61,6.967,5.481
93855_Movie,A Flat for Three,2012,10495000,9303603,-0.11,6.923,5.987
246871_Movie,The Mountain,2012,95000,1671445,16.59,6.629,6.9
147868_Movie,The Worst Christmas of My Life,2012,6843500,10703234,0.56,6.57,5.891
129850_Movie,The Bullet Vanishes,2012,12000000,1528580,-0.87,6.561,6.3
118051_Movie,Cocktail,2012,5100000,18000000,2.53,6.457,6.1
93676_Movie,Someday This Pain Will Be Useful to You,2012,8000000,532777,-0.93,6.065,5.6
126400_Movie,Gangs of Wasseypur - Part 2,2012,1670000,4900000,1.93,5.878,7.8
116231_Movie,Another Woman's Life,2012,6500000,3216359,-0.51,5.779,6.2
121286_Movie,Buona giornata,2012,3500000,2900000,-0.17,5.539,4.915
114574_Movie,Bikini Spring Break,2012,500000,500000,0.00,5.496,3.681
106135_Movie,Crooked Arrows,2012,13000000,1832541,-0.86,5.414,6.2
128270_Movie,Not Fade Away,2012,20000000,610792,-0.97,5.38,5.4
102784_Movie,Two Rabbits,2012,2000000,1620436,-0.19,5.322,6.9
117629_Movie,Yossi,2012,500000,116207,-0.77,5.29,6.9
137366_Movie,Led Zeppelin: Celebration Day,2012,1000000,10000000,9.00,5.273,8.1
112936_Movie,Bol Bachchan,2012,6300000,21000000,2.33,5.261,5.6
161545_Movie,Everything Everything Nothing Nothing,2012,5579750,8927600,0.60,5.167,5.2
124093_Movie,Jism 2,2012,2006871,7040609,2.51,5.06,4.3
183026_Movie,Rigodon,2012,22361,31307,0.40,4.951,6
132759_Movie,Soulless,2012,2800000,13218980,3.72,4.951,5.8
130264_Movie,The Horde,2012,12000000,2943372,-0.75,4.859,6
138843_Movie,The Conjuring,2013,13000000,320415166,23.65,150.977,7.5
106646_Movie,The Wolf of Wall Street,2013,100000000,392000000,2.92,119.574,8.031
109445_Movie,Frozen,2013,150000000,1274219009,7.49,109.748,7.2
146233_Movie,Prisoners,2013,46000000,122126687,1.65,108.647,8.1
109418_Movie,Grown Ups 2,2013,80000000,247022278,2.09,95.2,6.138
72190_Movie,World War Z,2013,200000000,531865000,1.66,94.738,6.8
110415_Movie,Snowpiercer,2013,39200000,86758912,1.21,93.829,6.903
68726_Movie,Pacific Rim,2013,180000000,411000000,1.28,82.243,6.908
57158_Movie,The Hobbit: The Desolation of Smaug,2013,250000000,958400000,2.83,73.464,7.571
93456_Movie,Despicable Me 2,2013,76000000,970766005,11.77,68.104,6.9
101299_Movie,The Hunger Games: Catching Fire,2013,130000000,865011746,5.65,63.789,7.426
68721_Movie,Iron Man 3,2013,200000000,1215577205,5.08,62.635,6.9
76338_Movie,Thor: The Dark World,2013,170000000,644783140,2.79,60.25,6.5
62211_Movie,Monsters University,2013,200000000,743600000,2.72,59.542,7.039
49519_Movie,The Croods,2013,135000000,587204668,3.35,58.571,6.9
204082_Movie,Homefront,2013,22000000,51695362,1.35,55.08,6.9
109439_Movie,The Hangover Part III,2013,103000000,362000072,2.51,54.495,6.211
49521_Movie,Man of Steel,2013,225000000,668045518,1.97,54.278,6.6
122906_Movie,About Time,2013,12000000,87100449,6.26,53.664,7.9
152601_Movie,Her,2013,23000000,47351251,1.06,53.436,7.851
72559_Movie,G.I. Joe: Retaliation,2013,130000000,371900000,1.86,51.631,5.63
116745_Movie,The Secret Life of Walter Mitty,2013,90000000,188133322,1.09,51.074,7.2
158015_Movie,The Purge,2013,3000000,91266581,29.42,50.215,6.252
249397_Movie,Nymphomaniac: Vol. II,2013,2350000,4934725,1.10,49.996,6.7
117263_Movie,Olympus Has Fallen,2013,70000000,170270201,1.43,48.481,6.404
184314_Movie,Young & Beautiful,2013,4645437,9757417,1.10,46.485,6.481
4258_Movie,Scary Movie 5,2013,20000000,78378744,2.92,45.98,4.8
60304_Movie,Hansel & Gretel: Witch Hunters,2013,50000000,226349749,3.53,45.092,6.1
107846_Movie,Escape Plan,2013,50000000,137328301,1.75,44.553,6.7
109428_Movie,Evil Dead,2013,17000000,99010045,4.82,43.954,6.6
193756_Movie,Lone Survivor,2013,40000000,149295601,2.73,43.935,7.441
139038_Movie,A Haunted House,2013,2500000,60141683,23.06,43.814,5.9
138832_Movie,We're the Millers,2013,37000000,270000000,6.30,42.912,6.8
76617_Movie,Texas Chainsaw 3D,2013,20000000,47300000,1.37,42.801,5.472
220289_Movie,Coherence,2013,50000,139745,1.79,42.658,7.2
134374_Movie,Pain & Gain,2013,25000000,87305549,2.49,42.484,6.274
117251_Movie,White House Down,2013,150000000,205366737,0.37,41.354,6.468
109451_Movie,Cloudy with a Chance of Meatballs 2,2013,78000000,248384621,2.18,40.915,6.43
123553_Movie,The Mortal Instruments: City of Bones,2013,60000000,95396573,0.59,37.745,6.441
75612_Movie,Oblivion,2013,120000000,286168572,1.38,37.719,6.651
54138_Movie,Star Trek Into Darkness,2013,190000000,467381584,1.46,37.03,7.3
109414_Movie,This Is the End,2013,32000000,126041322,2.94,36.901,6.2
64682_Movie,The Great Gatsby,2013,105000000,351040419,2.34,36.573,7.4
81005_Movie,Jack the Giant Slayer,2013,195000000,197700000,0.01,36.424,5.846
75656_Movie,Now You See Me,2013,75000000,351723989,3.69,36.245,7.3
72710_Movie,The Host,2013,44000000,63300000,0.44,36.152,6.3
192558_Movie,Aashiqui 2,2013,1300000,16000000,11.31,35.993,6.7
167032_Movie,Curse of Chucky,2013,5000000,3876587,-0.22,35.396,5.9
149870_Movie,The Wind Rises,2013,30000000,117932401,2.93,34.971,7.8
68728_Movie,Oz the Great and Powerful,2013,200000000,491868548,1.46,34.853,5.924
171424_Movie,The Green Inferno,2013,5000000,12666449,1.53,34.497,5.7
132232_Movie,Mama,2013,15000000,146428180,8.76,34.348,6.3
136795_Movie,The Heat,2013,43000000,158674180,2.69,34.175,6.6
76203_Movie,12 Years a Slave,2013,20000000,187000000,8.35,34.073,7.936
136418_Movie,Hummingbird,2013,20000000,8352885,-0.58,33.468,6.2
116711_Movie,Epic,2013,100000000,268426634,1.68,33.275,6.5
133805_Movie,Carrie,2013,30000000,84790678,1.83,33.159,6
109424_Movie,Captain Phillips,2013,55000000,218791811,2.98,32.416,7.542
152584_Movie,Blue Is the Warmest Color,2013,4300000,19465835,3.53,32.043,7.1
91586_Movie,Insidious: Chapter 2,2013,5000000,161921515,31.38,32.015,6.668
47964_Movie,A Good Day to Die Hard,2013,92000000,304654182,2.31,31.777,5.328
87818_Movie,Movie 43,2013,6000000,32443111,4.41,31.745,4.606
49047_Movie,Gravity,2013,105000000,723192705,5.89,31.73,7.164
136400_Movie,2 Guns,2013,61000000,131940411,1.16,31.399,6.539
87421_Movie,Riddick,2013,38000000,98337295,1.59,31.325,6.3
68724_Movie,Elysium,2013,115000000,286140700,1.49,31.074,6.5
119283_Movie,Parker,2013,35000000,46216641,0.32,31.053,6.1
153158_Movie,Underdogs,2013,21000000,32768940,0.56,30.817,6.9
146216_Movie,RED 2,2013,84000000,148075565,0.76,30.58,6.524
149871_Movie,The Tale of The Princess Kaguya,2013,49300000,24366656,-0.51,30.06,8.1
152532_Movie,Dallas Buyers Club,2013,5000000,55736588,10.15,30.013,7.924
151960_Movie,Planes,2013,50000000,219788712,3.40,29.662,5.896
77950_Movie,Turbo,2013,135000000,282570682,1.09,29.631,6.2
158011_Movie,The Call,2013,13000000,68572378,4.27,28.243,6.8
77931_Movie,The Smurfs 2,2013,105000000,347434178,2.31,28.105,5.7
157547_Movie,Oculus,2013,5000000,44459951,7.89,27.946,6.5
49524_Movie,R.I.P.D.,2013,130000000,61600000,-0.53,27.448,5.8
168672_Movie,American Hustle,2013,40000000,251171807,5.28,27.393,6.852
179826_Movie,Odd Thomas,2013,27000000,1149267,-0.96,27.208,6.9
96721_Movie,Rush,2013,38000000,90200000,1.37,27.202,7.7
77951_Movie,Walking with Dinosaurs,2013,80000000,126500000,0.58,26.395,6.152
80274_Movie,Ender's Game,2013,110000000,125537191,0.14,25.419,6.6
82700_Movie,After Earth,2013,130000000,243843127,0.88,25.39,5.2
109491_Movie,Beautiful Creatures,2013,60000000,60052138,0.00,25.341,6.033
59859_Movie,Kick-Ass 2,2013,28000000,60795985,1.17,25.27,6.401
82654_Movie,Warm Bodies,2013,35000000,117000000,2.34,25.125,6.464
111190_Movie,Adore,2013,16000000,1600000,-0.90,24.943,6.1
64686_Movie,47 Ronin,2013,175000000,151783839,-0.13,24.202,6.188
109443_Movie,Anchorman 2: The Legend Continues,2013,50000000,173700000,2.47,23.671,6.1
87516_Movie,Oldboy,2013,30000000,5200000,-0.83,23.472,5.9
130150_Movie,Labor Day,2013,18000000,20275812,0.13,22.616,7
102362_Movie,Dead Man Down,2013,30000000,19600000,-0.35,22.526,6.2
109091_Movie,The Counselor,2013,25000000,71009334,1.84,22.311,5.3
109410_Movie,42,2013,40000000,95020213,1.38,22.289,7.2
109421_Movie,Side Effects,2013,30000000,63414135,1.11,22.207,6.603
112205_Movie,The Family,2013,30000000,36894225,0.23,22,6.4
83899_Movie,You're Next,2013,1000000,14347000,13.35,21.83,6.6
57201_Movie,The Lone Ranger,2013,215000000,260500000,0.21,21.712,6.1
134411_Movie,Snitch,2013,35000000,42930462,0.23,21.552,6.1
157386_Movie,The Spectacular Now,2013,2500000,6854611,1.74,21.049,6.7
175574_Movie,Free Birds,2013,55000000,110000000,1.00,21.012,5.876
157841_Movie,The Young and Prodigious T.S. Spivet,2013,33000000,9494789,-0.71,20.989,6.841
145135_Movie,Dark Skies,2013,3500000,25174316,6.19,20.395,6.3
192577_Movie,Space Pirate Captain Harlock,2013,30000000,18010317,-0.40,20.188,6.6
86825_Movie,Stoker,2013,12000000,12077441,0.01,19.864,6.6
203833_Movie,The Book Thief,2013,19000000,76586316,3.03,19.842,7.5
103731_Movie,Mud,2013,10000000,32613173,2.26,19.815,7.055
152742_Movie,The Best Offer,2013,13500000,19255873,0.43,19.77,7.8
132344_Movie,Before Midnight,2013,3000000,11176469,2.73,19.618,7.508
112949_Movie,Safe Haven,2013,28000000,97600000,2.49,19.591,7.3
44865_Movie,The Grandmaster,2013,38600000,64076736,0.66,19.475,6.6
180147_Movie,We Are the Nobles,2013,2000000,26433651,12.22,19.156,7.884
102780_Movie,Byzantium,2013,10000000,89237,-0.99,19.02,6.3
97367_Movie,The Place Beyond the Pines,2013,15000000,47135966,2.14,19.006,6.971
124459_Movie,The Incredible Burt Wonderstone,2013,30000000,27437881,-0.09,18.936,5.7
179144_Movie,The Great Beauty,2013,9200000,24930592,1.71,18.899,7.5
152599_Movie,The Immigrant,2013,16000000,5867686,-0.63,18.896,6.3
122081_Movie,Spring Breakers,2013,5000000,31700000,5.34,18.854,5.2
107985_Movie,The World's End,2013,20000000,46100000,1.31,18.752,6.8
44977_Movie,Dhoom 3,2013,19500000,91000000,3.67,18.693,6.1
76285_Movie,Percy Jackson: Sea of Monsters,2013,90000000,199850315,1.22,18.676,6.027
190847_Movie,The Last Days on Mars,2013,10600000,24084,-1.00,18.535,5.5
211954_Movie,Instructions Not Included,2013,5500000,99067206,17.01,18.317,7.7
164457_Movie,Out of the Furnace,2013,22000000,15400000,-0.30,18.194,6.565
140823_Movie,Saving Mr. Banks,2013,35000000,112544580,2.22,18.164,7.347
109431_Movie,Identity Thief,2013,35000000,173965010,3.97,18.121,5.853
106747_Movie,Machete Kills,2013,12000000,15000000,0.25,18.033,5.6
172391_Movie,Khumba,2013,20000000,27200000,0.36,17.801,6
199534_Movie,Wolf Creek 2,2013,8000000,9630444,0.20,17.627,6.4
169881_Movie,The Physician,2013,36000000,57300000,0.59,17.471,7.3
202575_Movie,The House of Magic,2013,34000000,64197205,0.89,17.344,6.321
152603_Movie,Only Lovers Left Alive,2013,7000000,7600000,0.09,17.265,7.2
146203_Movie,The Last Exorcism Part II,2013,5000000,15200000,2.04,17.217,4.6
77805_Movie,Lovelace,2013,10000000,1585582,-0.84,17.113,6
186992_Movie,Stranger by the Lake,2013,1400000,1200000,-0.14,17.112,6.292
140870_Movie,Minuscule: Valley of the Lost Ants,2013,19700000,30000000,0.52,17.016,7
82682_Movie,Gangster Squad,2013,60000000,105200000,0.75,16.944,6.367
137093_Movie,Last Vegas,2013,28000000,134400000,3.80,16.882,6.405
152747_Movie,All Is Lost,2013,9000000,6108720,-0.32,16.849,6.639
152737_Movie,August: Osage County,2013,25000000,74188937,1.97,16.812,6.9
157370_Movie,Kill Your Darlings,2013,5600000,1600000,-0.71,16.692,7.1
115348_Movie,Paranoia,2013,35000000,17056265,-0.51,16.68,5.7
123109_Movie,No One Lives,2013,2900000,74918,-0.97,16.54,6
107811_Movie,21 & Over,2013,13000000,48065672,2.70,16.539,5.8
169209_Movie,Empire State,2013,11000000,3639345,-0.67,16.433,5.4
209189_Movie,Life of Crime,2013,12000000,265452,-0.98,16.335,5.7
140818_Movie,Ragnarok,2013,6500000,3721345,-0.43,16.028,5.7
145247_Movie,The 100 Year-Old Man Who Climbed Out the Window and Disappeared,2013,9250000,51167572,4.53,16.006,6.8
129139_Movie,The To Do List,2013,1500000,3566225,1.38,15.932,5.781
146381_Movie,Justin and the Knights of Valour,2013,22000000,19799759,-0.10,15.692,5.93
146304_Movie,The Best Man Holiday,2013,17000000,71625195,3.21,15.641,6.6
196024_Movie,The Keeper of Lost Causes,2013,5650000,13700000,1.42,15.588,7.1
164331_Movie,Spiders,2013,7000000,257019,-0.96,15.457,4.4
199373_Movie,The Frozen Ground,2013,27220000,5496951,-0.80,15.408,6.3
160588_Movie,Blue Jasmine,2013,18000000,99200000,4.51,15.254,6.988
208134_Movie,Jackass Presents: Bad Grandpa,2013,15000000,151831537,9.12,15.218,6.114
187022_Movie,A Touch of Sin,2013,4000000,154120,-0.96,15.211,7.2
129670_Movie,Nebraska,2013,12000000,27700000,1.31,15.195,7.442
219572_Movie,Police Story: Lockdown,2013,35000000,94249025,1.69,15.129,6.2
104755_Movie,The Lords of Salem,2013,1500000,1165882,-0.22,15.087,5.5
150202_Movie,The Haunting in Connecticut 2: Ghosts of Georgia,2013,8000000,5127434,-0.36,15.071,5.8
156700_Movie,The Kings of Summer,2013,1500000,1400000,-0.07,15.027,7.002
164558_Movie,One Direction: This Is Us,2013,10000000,68500000,5.85,14.995,8.3
86829_Movie,Inside Llewyn Davis,2013,11000000,32935319,1.99,14.835,7.194
212716_Movie,What If,2013,11000000,8500000,-0.23,14.782,6.737
76544_Movie,Man of Tai Chi,2013,25000000,2054941,-0.92,14.746,6.1
227700_Movie,Anna,2013,4357373,1200000,-0.72,14.671,6.5
147773_Movie,The Way Way Back,2013,4600000,23198652,4.04,14.555,7.1
109729_Movie,The Canyons,2013,250000,270185,0.08,14.537,4.417
119675_Movie,Behind the Candelabra,2013,23000000,15600000,-0.32,14.518,6.625
146239_Movie,Delivery Man,2013,26000000,51164106,0.97,14.505,6.2
87567_Movie,The Big Wedding,2013,35000000,21800000,-0.38,14.479,5.859
146238_Movie,Runner Runner,2013,30000000,62600000,1.09,14.223,5.6
132363_Movie,The Butler,2013,25000000,177313795,6.09,13.928,7.33
98357_Movie,Broken City,2013,56000000,34737199,-0.38,13.834,5.9
127560_Movie,The Railway Man,2013,18000000,24174885,0.34,13.833,6.9
162903_Movie,The Fifth Estate,2013,28000000,8555008,-0.69,13.695,6
121677_Movie,The Reluctant Fundamentalist,2013,15000000,2200000,-0.85,13.597,6.591
96936_Movie,The Bling Ring,2013,15000000,19145732,0.28,13.595,5.423
204668_Movie,Belle and Sebastian,2013,11300000,35825575,2.17,13.537,6.925
205601_Movie,Belle,2013,10900000,16500000,0.51,13.518,7.138
127517_Movie,Disconnect,2013,10000000,3428048,-0.66,13.346,7
244610_Movie,The Den,2013,500000,410129,-0.18,13.326,6
109099_Movie,Passion,2013,20000000,713616,-0.96,13.277,5.3
174675_Movie,The Machine,2013,1500000,314131,-0.79,13.264,5.919
205220_Movie,Philomena,2013,12000000,100100000,7.34,13.252,7.4
157834_Movie,The Zero Theorem,2013,8500000,770706,-0.91,13.144,6.105
185008_Movie,Yeh Jawaani Hai Deewani,2013,7700000,46000000,4.97,13.022,7.2
157354_Movie,Fruitvale Station,2013,900000,17600000,18.56,12.975,7.365
253279_Movie,The Trials of Cate McCall,2013,7000000,249601,-0.96,12.85,6.3
144340_Movie,Admission,2013,13000000,18637201,0.43,12.693,5.6
190955_Movie,Blood Ties,2013,25500000,2415472,-0.91,12.469,6.107
192136_Movie,Mandela: Long Walk to Freedom,2013,35000000,27300000,-0.22,12.395,6.9
77987_Movie,Only God Forgives,2013,4800000,10300000,1.15,12.392,5.8
192134_Movie,Dom Hemingway,2013,7000000,1300000,-0.81,12.39,5.845
64807_Movie,Grudge Match,2013,40000000,44907260,0.12,12.37,6.1
109417_Movie,Battle of the Year,2013,20000000,16549477,-0.17,12.321,6.8
158426_Movie,Collision,2013,7700000,467282,-0.94,12.271,5.8
152259_Movie,Phantom,2013,10000000,1197759,-0.88,11.999,5.9
160704_Movie,The Berlin File,2013,9000000,48965210,4.44,11.922,6.7
97006_Movie,Temptation: Confessions of a Marriage Counselor,2013,37000000,53143144,0.44,11.813,6.6
157360_Movie,In a World...,2013,1000000,2963902,1.96,11.789,6.338
204435_Movie,Krrish 3,2013,20000000,84000000,3.20,11.772,5.6
115782_Movie,Jobs,2013,12000000,42100000,2.51,11.768,6.1
146227_Movie,Getaway,2013,18000000,10501938,-0.42,11.751,5.1
201749_Movie,Mr. Morgan's Last Love,2013,8200000,2967122,-0.64,11.708,6.66
152748_Movie,Ain't Them Bodies Saints,2013,4000000,1031243,-0.74,11.636,6.1
205022_Movie,Chennai Express,2013,18000000,62000000,2.44,11.543,6.5
191714_Movie,The Lunchbox,2013,3400000,17240000,4.07,11.522,7.3
150117_Movie,I Give It a Year,2013,13000000,29200000,1.25,11.4,5.5
85889_Movie,Filth,2013,5000000,9114264,0.82,11.332,6.865
244049_Movie,Drishyam,2013,750000,12000000,15.00,11.195,7.61
199420_Movie,Pawn Shop Chronicles,2013,5000000,1080000,-0.78,10.997,5.7
144789_Movie,I'm So Excited!,2013,5000000,11724119,1.34,10.951,5.7
68727_Movie,Trance,2013,20000000,24300000,0.22,10.901,6.619
169813_Movie,Short Term 12,2013,1000000,1645164,0.65,10.79,7.8
175528_Movie,Baggage Claim,2013,8500000,22456509,1.64,10.755,5.328
186161_Movie,The Gilded Cage,2013,7000000,11311521,0.62,10.741,6.719
127373_Movie,What Maisie Knew,2013,6000000,2711379,-0.55,10.658,7.1
258216_Movie,Nymphomaniac: Vol. I,2013,2350000,13545832,4.76,10.598,6.9
209403_Movie,Bad Words,2013,9500000,7800000,-0.18,10.283,6.385
118289_Movie,Diana,2013,15000000,21766271,0.45,10.256,5.6
111479_Movie,CBGB,2013,5000000,40400,-0.99,10.223,6.403
93828_Movie,Welcome to the Punch,2013,8500000,3900000,-0.54,10.117,5.9
177699_Movie,Alan Partridge: Alpha Papa,2013,4000000,9800000,1.45,10.078,6.6
174733_Movie,Metro,2013,13000000,4463059,-0.66,10.05,6.7
145197_Movie,Upstream Color,2013,100000,444098,3.44,9.82,6.4
207686_Movie,The House at the End of Time,2013,300000,4588899,14.30,9.761,6.8
206324_Movie,Bhaag Milkha Bhaag,2013,4600000,25000000,4.43,9.753,7.4
193613_Movie,Metallica: Through the Never,2013,18000000,7972967,-0.56,9.703,6.822
156711_Movie,Austenland,2013,4900000,2159041,-0.56,9.675,6.387
100542_Movie,Vikingdom,2013,15600000,747872,-0.95,9.569,4.1
149087_Movie,Turning Tide,2013,1700000,7029858,3.14,9.531,6.2
244088_Movie,Human Capital,2013,6000000,5809330,-0.03,9.528,7.472
117319_Movie,Vishwaroopam,2013,17000000,51000000,2.00,9.513,6.3
242575_Movie,"Good Day, Ramon",2013,4000000,5104868,0.28,9.45,7.882
209274_Movie,Ida,2013,2159280,15298355,6.08,9.386,7.233
214086_Movie,The Face of Love,2013,4000000,350006,-0.91,9.369,6.1
157820_Movie,Mood Indigo,2013,16040770,10435322,-0.35,9.259,6.143
165904_Movie,Special 26,2013,7100000,18000000,1.54,9.206,7.3
152780_Movie,The Past,2013,11000000,10631747,-0.03,8.94,7.2
87499_Movie,The East,2013,6500000,2401510,-0.63,8.827,6.6
209262_Movie,Parkland,2013,10000000,1412181,-0.86,8.807,6.2
232175_Movie,Gimme Shelter,2013,7500000,1359910,-0.82,8.727,6.6
184219_Movie,Pee Mak,2013,1800000,33000000,17.33,8.61,7.221
188761_Movie,The German Doctor,2013,2000000,3635718,0.82,8.485,6.5
75761_Movie,John Dies at the End,2013,1000000,142000,-0.86,8.484,6.311
159014_Movie,20 Feet from Stardom,2013,1000000,5892466,4.89,8.354,7.2
215776_Movie,Madras Cafe,2013,5400000,6500000,0.20,8.239,6.5
203217_Movie,My Mom Is a Character,2013,2000000,20552094,9.28,8.215,7.7
231176_Movie,Sun in Buckets,2013,8000000,51936318,5.49,8.196,6.8
214209_Movie,Hide and Seek,2013,1900000,35461505,17.66,8.101,6.5
160768_Movie,Jimmy P.,2013,10000000,30283,-1.00,8.101,6.106
179111_Movie,A Field in England,2013,300000,600000,1.00,8.049,6.227
82992_Movie,Fast & Furious 6,2013,160000000,788700000,3.93,7.785,6.818
175555_Movie,A Madea Christmas,2013,25000000,53396635,1.14,7.527,6.4
209355_Movie,The French Minister,2013,5112027,5586646,0.09,7.12,6.046
209901_Movie,Nothing Left to Fear,2013,3000000,1675381,-0.44,7.088,5.1
238811_Movie,No Man's Land,2013,2320000,41807000,17.02,7.045,6.9
153795_Movie,Straight A's,2013,2000000,61669,-0.97,7.043,5.2
254672_Movie,The Wrath of Vajra,2013,13898500,1872903,-0.87,6.971,5.588
191121_Movie,Raanjhanaa,2013,6400000,1171761,-0.82,6.923,6.6
176124_Movie,Home Run,2013,1200000,2861020,1.38,6.861,6.2
188183_Movie,Finding Mr. Right,2013,4881000,81350000,15.67,6.672,6.4
229296_Movie,Justin Bieber's Believe,2013,5000000,10980157,1.20,6.625,7.1
228676_Movie,Mischief Night,2013,108000,57000,-0.47,6.55,5
190754_Movie,On the Job,2013,1052753,466088,-0.56,6.547,6.6
197936_Movie,Bright Days Ahead,2013,3300000,4949039,0.50,6.432,5.9
191726_Movie,Ugly,2013,700000,2200000,2.14,6.386,6.9
128206_Movie,Shahid,2013,970000,6100000,5.29,6.309,7.2
76170_Movie,The Wolverine,2013,120000000,415440673,2.46,6.222,6.419
165463_Movie,The Priest's Children,2013,1750000,1417453,-0.19,6.188,6.3
191562_Movie,Go Goa Gone,2013,2700000,5400000,1.00,6.161,5.8
167221_Movie,Long Live Freedom,2013,5000000,48125,-0.99,6.15,6.798
133441_Movie,The Summit,2013,1000000,243550,-0.76,6.055,6.8
212769_Movie,Make Your Move,2013,15000000,1583687,-0.89,5.963,5.8
193418_Movie,Regret!,2013,1200000,3995340,2.33,5.865,7.344
185738_Movie,Stockholm,2013,60000,50000,-0.17,5.647,6.3
161321_Movie,The Power of Few,2013,4000000,45659,-0.99,5.62,5.297
72359_Movie,Peeples,2013,15000000,9300000,-0.38,5.413,5.5
180314_Movie,Salinger,2013,2000000,650675,-0.67,5.29,6.3
157336_Movie,Interstellar,2014,165000000,746606706,3.52,288.193,8.5
198663_Movie,The Maze Runner,2014,34000000,348319861,9.24,173.015,7.188
122917_Movie,The Hobbit: The Battle of the Five Armies,2014,250000000,956019788,2.82,139.146,7.325
156022_Movie,The Equalizer,2014,55000000,192330738,2.50,132.143,7.28
177572_Movie,Big Hero 6,2014,165000000,657870525,2.99,131.013,7.7
228150_Movie,Fury,2014,68000000,211817906,2.11,123.301,7.5
131631_Movie,The Hunger Games: Mockingjay - Part 1,2014,125000000,755356711,5.04,99.082,6.813
244786_Movie,Whiplash,2014,3300000,50307484,14.24,97.314,8.4
100402_Movie,Captain America: The Winter Soldier,2014,170000000,714766572,3.20,96.415,7.7
210577_Movie,Gone Girl,2014,61000000,370890259,5.08,96.166,7.89
184345_Movie,A Haunted House 2,2014,4000000,25343661,5.34,89.187,6.2
137113_Movie,Edge of Tomorrow,2014,178000000,370541256,1.08,87.262,7.627
102382_Movie,The Amazing Spider-Man 2,2014,200000000,708962323,2.54,85.092,6.5
91314_Movie,Transformers: Age of Extinction,2014,210000000,1104054072,4.26,83.906,5.9
116149_Movie,Paddington,2014,55000000,326105453,4.93,82.641,7.1
98566_Movie,Teenage Mutant Ninja Turtles,2014,125000000,485004754,2.88,81.689,5.9
82702_Movie,How to Train Your Dragon 2,2014,145000000,621537519,3.29,81.37,7.7
260346_Movie,Taken 3,2014,48000000,325800000,5.79,79.527,6.3
270946_Movie,Penguins of Madagascar,2014,132000000,373515621,1.83,76.832,6.5
157350_Movie,Divergent,2014,85000000,288885818,2.40,76.232,6.914
102651_Movie,Maleficent,2014,180000000,758539785,3.21,75.067,7.1
205596_Movie,The Imitation Game,2014,14000000,233555708,15.68,72.88,7.996
240832_Movie,Lucy,2014,40000000,458863600,10.47,72.149,6.457
190859_Movie,American Sniper,2014,58800000,542300000,8.22,69.376,7.423
127585_Movie,X-Men: Days of Future Past,2014,250000000,747862775,1.99,69.189,7.529
119450_Movie,Dawn of the Planet of the Apes,2014,170000000,710644566,3.18,68.36,7.33
245891_Movie,John Wick,2014,20000000,88761661,3.44,65.962,7.442
317442_Movie,The Last: Naruto the Movie,2014,750000,19840000,25.45,65.615,7.4
242224_Movie,The Babadook,2014,2000000,10300000,4.15,64.284,6.5
228326_Movie,The Book of Life,2014,50000000,97437106,0.95,63.39,7.5
250546_Movie,Annabelle,2014,6500000,257589952,38.63,62.15,5.8
232672_Movie,Blended,2014,40000000,128000000,2.20,61.42,6.9
147441_Movie,Exodus: Gods and Kings,2014,140000000,268031828,0.91,58.732,5.9
124905_Movie,Godzilla,2014,160000000,524978362,2.28,58.344,6.342
242582_Movie,Nightcrawler,2014,8500000,50300000,4.92,58.258,7.7
120467_Movie,The Grand Budapest Hotel,2014,30000000,174600318,4.82,57.345,8.042
184315_Movie,Hercules,2014,100000000,244819862,1.45,53.608,5.8
138103_Movie,The Expendables 3,2014,95000000,214657577,1.26,53.221,6.21
222935_Movie,The Fault in Our Stars,2014,14000000,307166834,20.94,51.521,7.598
181533_Movie,Night at the Museum: Secret of the Tomb,2014,127000000,363204635,1.86,51.334,6.217
206487_Movie,Predestination,2014,5500000,4942449,-0.10,51.141,7.4
187017_Movie,22 Jump Street,2014,50000000,331333876,5.63,50.973,6.8
194662_Movie,Birdman or (The Unexpected Virtue of Ignorance),2014,18000000,103215094,4.73,49.86,7.5
118340_Movie,Guardians of the Galaxy,2014,170000000,772776600,3.55,49.395,7.9
53182_Movie,300: Rise of an Empire,2014,110000000,337580051,2.07,48.762,6.113
137106_Movie,The Lego Movie,2014,60000000,470759687,6.85,48.254,7.4
238636_Movie,The Purge: Anarchy,2014,9000000,111928365,11.44,46.91,6.634
189_Movie,Sin City: A Dame to Kill For,2014,65000000,39407616,-0.39,46.711,6.39
228967_Movie,The Interview,2014,44000000,12342632,-0.72,46.466,6.185
172385_Movie,Rio 2,2014,103000000,498781117,3.84,44.694,6.5
136797_Movie,Need for Speed,2014,66000000,203277636,2.08,44.267,6.418
193893_Movie,Let's Be Cops,2014,17000000,136600000,7.04,43.368,6.463
256274_Movie,"As Above, So Below",2014,5000000,41900000,7.38,42.426,6.712
196867_Movie,Annie,2014,65000000,136853506,1.11,42.13,6.2
225886_Movie,Sex Tape,2014,40000000,126069509,2.15,41.006,5.4
265712_Movie,Stand by Me Doraemon,2014,35000000,83100000,1.37,39.789,7.3
218043_Movie,Left Behind,2014,16000000,19682924,0.23,38.964,4.3
180299_Movie,The Raid 2,2014,4500000,6566916,0.46,38.507,7.602
100042_Movie,Dumb and Dumber To,2014,40000000,169837010,3.25,37.86,5.6
188161_Movie,A Million Ways to Die in the West,2014,40000000,86400000,1.16,37.602,6.047
97370_Movie,Under the Skin,2014,13300000,5735963,-0.57,37.279,6.1
197796_Movie,Beauty and the Beast,2014,33000000,47430624,0.44,36.36,6.178
137094_Movie,Jack Ryan: Shadow Recruit,2014,60000000,135500000,1.26,36.107,6.111
205587_Movie,The Judge,2014,40000000,84419388,1.11,35.633,7.3
254904_Movie,The November Man,2014,15000000,32600000,1.17,33.688,6.106
227159_Movie,Horrible Bosses 2,2014,42000000,107645357,1.56,33.679,6.181
242512_Movie,Ouija,2014,5000000,103600000,19.72,33.45,5.1
86834_Movie,Noah,2014,125000000,362600000,1.90,33.337,5.7
68737_Movie,Seventh Son,2014,95000000,114178613,0.20,32.998,5.5
154400_Movie,The Drop,2014,12600000,19054534,0.51,32.705,6.787
266856_Movie,The Theory of Everything,2014,15000000,123726688,7.25,32.004,7.846
72784_Movie,The Loft,2014,14000000,10100000,-0.28,31.953,6.4
82703_Movie,Mr. Peabody & Sherman,2014,145000000,272912430,0.88,31.328,6.71
169917_Movie,A Walk Among the Tombstones,2014,28000000,58834384,1.10,31.324,6.327
185341_Movie,[REC]⁴ Apocalypse,2014,3000000,4915757,0.64,29.817,5.6
241848_Movie,The Guest,2014,5000000,2700051,-0.46,29.435,6.6
236751_Movie,Heaven Is for Real,2014,12000000,101300000,7.44,29.263,6.7
243683_Movie,Step Up All In,2014,45000000,86165646,0.91,29.046,6.8
289720_Movie,Outcast,2014,25000000,5148503,-0.79,28.584,5.105
170687_Movie,The Boxtrolls,2014,60000000,108255770,0.80,28.126,6.7
227306_Movie,Unbroken,2014,65000000,163400000,1.51,27.813,7.4
97020_Movie,RoboCop,2014,120000000,242688965,1.02,27.143,5.874
193610_Movie,The Other Woman,2014,40000000,196800000,3.92,27.135,6.4
157353_Movie,Transcendence,2014,100000000,103039258,0.03,27.001,6.041
227156_Movie,The Giver,2014,25000000,66980456,1.68,26.947,6.554
287590_Movie,Saint Seiya: Legend of Sanctuary,2014,8000000,17150803,1.14,26.509,6.6
195589_Movie,Neighbors,2014,18000000,270665134,14.04,26.338,6.186
171274_Movie,Inherent Vice,2014,20000000,14710975,-0.26,26.282,6.6
225574_Movie,Non-Stop,2014,50000000,222809600,3.46,25.908,6.809
212778_Movie,Chef,2014,11000000,45967935,3.18,25.857,7.117
239571_Movie,The Best of Me,2014,26000000,35926213,0.38,25.803,7.5
76649_Movie,Pompeii,2014,100000000,117831631,0.18,25.499,5.54
218836_Movie,Planes: Fire & Rescue,2014,50000000,151165787,2.02,25.251,6.2
204922_Movie,Before I Go to Sleep,2014,22000000,17669776,-0.20,25.123,6.5
49017_Movie,Dracula Untold,2014,70000000,217124280,2.10,24.466,6.4
184346_Movie,Deliver Us from Evil,2014,30000000,87937815,1.93,24.454,6.2
246403_Movie,Tusk,2014,3000000,1882074,-0.37,24.422,5.505
227348_Movie,Paranormal Activity: The Marked Ones,2014,5000000,90894962,17.18,24.293,5.4
235260_Movie,Son of God,2014,22000000,67800064,2.08,23.993,6.8
241239_Movie,A Most Violent Year,2014,20000000,12007070,-0.40,23.707,6.61
119892_Movie,The Monkey King,2014,82000000,182206924,1.22,23.698,5.5
262543_Movie,Automata,2014,7000000,6237990,-0.11,23.39,5.8
136835_Movie,No Good Deed,2014,13200000,53830415,3.08,23.306,5.9
249164_Movie,If I Stay,2014,11000000,78300000,6.12,23.162,7.37
241254_Movie,The Prince,2014,18000000,1289595,-0.93,23.123,4.9
226857_Movie,Endless Love,2014,20000000,34100000,0.71,23.048,6.9
192102_Movie,3 Days to Kill,2014,28000000,53260230,0.90,22.788,6.091
255343_Movie,Escobar: Paradise Lost,2014,17000000,3758328,-0.78,22.785,6.274
224141_Movie,Into the Woods,2014,50000000,212902372,3.26,22.649,5.8
168530_Movie,Ride Along,2014,25000000,153997819,5.16,22.497,6.3
155084_Movie,13 Sins,2014,5000000,13809,-1.00,21.946,6.3
216282_Movie,Into the Storm,2014,50000000,160600000,2.21,21.845,6.053
239678_Movie,This Is Where I Leave You,2014,19800000,41300000,1.09,21.626,6.6
249660_Movie,God's Not Dead,2014,17000000,29789000,0.75,21.607,6.007
239563_Movie,St. Vincent,2014,13000000,54837234,3.22,21.489,7.1
284293_Movie,Still Alice,2014,5000000,44779195,7.96,21.371,7.485
265195_Movie,Wild Tales,2014,4000000,31478893,6.87,21.135,7.9
242095_Movie,The Signal,2014,4000000,2665322,-0.33,21.108,6.013
188166_Movie,Blue Ruin,2014,420000,993313,1.37,20.54,6.797
254473_Movie,Brick Mansions,2014,28000000,71416730,1.55,20.285,5.9
282631_Movie,The Admiral: Roaring Currents,2014,9500000,138342258,13.56,20.261,6.966
85350_Movie,Boyhood,2014,4000000,48137666,11.03,20.252,7.5
273895_Movie,Selma,2014,20000000,66787908,2.34,20.045,7.394
246741_Movie,What We Do in the Shadows,2014,1600000,6300000,2.94,19.825,7.6
198277_Movie,Begin Again,2014,8000000,63500000,6.94,19.688,7.2
192145_Movie,Third Person,2014,28000000,1749201,-0.94,19.668,5.9
228194_Movie,The Hundred-Foot Journey,2014,22000000,89500000,3.07,19.578,7.3
244506_Movie,Camp X-Ray,2014,1000000,59744,-0.94,19.478,6.73
152760_Movie,The Monuments Men,2014,70000000,154984035,1.21,19.301,6.1
188207_Movie,The Legend of Hercules,2014,70000000,61279452,-0.12,19.3,4.8
144336_Movie,Sabotage,2014,35000000,22126842,-0.37,19.198,5.6
100241_Movie,"I, Frankenstein",2014,65000000,76801179,0.18,19.083,5.356
218778_Movie,"Alexander and the Terrible, Horrible, No Good, Very Bad Day",2014,28000000,100654149,2.59,19.064,6.191
262391_Movie,Serial (Bad) Weddings,2014,13000000,176404493,12.57,18.917,6.7
284536_Movie,The Gambler,2014,25000000,39171130,0.57,18.725,6
270938_Movie,Falcon Rising,2014,4500000,11774,-1.00,18.716,6.3
252171_Movie,A Girl Walks Home Alone at Night,2014,1000000,395000,-0.61,18.51,6.8
222899_Movie,About Last Night,2014,12500000,49002684,2.92,18.488,6
227783_Movie,The Nut Job,2014,42000000,122500000,1.92,18.434,5.792
280690_Movie,Kick,2014,22000000,55000000,1.50,18.234,5.7
297222_Movie,PK,2014,13000000,118920000,8.15,17.746,7.7
303542_Movie,The Invisible Boy,2014,8000000,5216102,-0.35,17.686,6.3
303903_Movie,Pokémon the Movie: Diancie and the Cocoon of Destruction,2014,24720400,28595105,0.16,17.465,6.6
242042_Movie,Barefoot,2014,6000000,15071,-1.00,17.462,6.6
250538_Movie,The Good Lie,2014,20000000,3396345,-0.83,17.394,7.3
246080_Movie,Black Sea,2014,8000000,4070789,-0.49,17.206,6.258
242310_Movie,Rage,2014,15000000,2424381,-0.84,17.162,5.3
228970_Movie,Wild,2014,15000000,52501541,2.50,17.101,7
217993_Movie,Justice League: War,2014,3500000,5155325,0.47,17.094,7.406
170522_Movie,Asterix: The Mansions of the Gods,2014,30000000,51379470,0.71,17.016,6.8
157849_Movie,A Most Wanted Man,2014,15000000,31554855,1.10,16.857,6.475
285213_Movie,The Pirates,2014,13000000,64400000,3.95,16.801,7
284276_Movie,Cake,2014,7000000,2360281,-0.66,16.644,6.3
288158_Movie,The Woman in Black 2: Angel of Death,2014,15000000,48854305,2.26,16.192,5.254
252178_Movie,'71,2014,11000000,3200000,-0.71,15.869,6.803
184098_Movie,Think Like a Man Too,2014,24000000,70181428,1.92,15.738,6.4
265177_Movie,Mommy,2014,4900000,3494070,-0.29,15.709,8.2
137321_Movie,Winter's Tale,2014,60000000,30800231,-0.49,15.616,6.3
164251_Movie,Serena,2014,30000000,5092129,-0.83,15.598,5.599
157845_Movie,The Rover,2014,12250000,2510007,-0.80,15.553,6.3
277685_Movie,Unfriended,2014,1000000,62900000,61.90,15.527,5.5
280795_Movie,Haider,2014,7000000,11500000,0.64,15.374,7.213
157847_Movie,Joe,2014,4000000,2431443,-0.39,15.214,6.5
266285_Movie,The Salvation,2014,10500000,1363964,-0.87,15.204,6.486
203739_Movie,Vampire Academy,2014,30000000,15391979,-0.49,15.048,6.3
244267_Movie,I Origins,2014,1000000,481234,-0.52,15.042,7.581
226486_Movie,Tammy,2014,20000000,100500000,4.03,14.844,5.3
290864_Movie,Kung Fu Jungle,2014,25000000,129115,-0.99,14.787,6.8
264656_Movie,The Homesman,2014,16000000,3442853,-0.78,14.708,6.5
239562_Movie,The Single Moms Club,2014,8000000,16365451,1.05,14.622,6
151368_Movie,Open Windows,2014,4000000,100000,-0.98,14.616,5.1
177494_Movie,Veronica Mars,2014,6000000,3500000,-0.42,14.607,6.623
87492_Movie,Foxcatcher,2014,24000000,12096300,-0.50,14.539,6.653
286554_Movie,Two Night Stand,2014,1645000,868081,-0.47,14.491,6.4
221902_Movie,"Two Days, One Night",2014,7000000,9016922,0.29,14.465,6.9
282813_Movie,The Pyramid,2014,6500000,16861137,1.59,14.432,5.306
268690_Movie,The Legend of the Guanajuato Mummies,2014,1300000,6300000,3.85,14.34,7.993
239566_Movie,Get on Up,2014,30000000,33448971,0.11,14.26,6.763
304410_Movie,The Bélier Family,2014,11000000,72775689,5.62,14.212,6.933
204436_Movie,Jack and the Cuckoo-Clock Heart,2014,33746302,3484370,-0.90,14.118,7.2
187596_Movie,Walk of Shame,2014,6000000,8100000,0.35,14.014,5.968
244772_Movie,The Skeleton Twins,2014,1000000,5300000,4.30,13.987,6.6
236737_Movie,Spanish Affair,2014,3000000,78768613,25.26,13.845,6.6
87093_Movie,Big Eyes,2014,10000000,28900000,1.89,13.783,6.982
232679_Movie,When the Game Stands Tall,2014,15000000,30127963,1.01,13.78,6.666
244539_Movie,Infinitely Polar Bear,2014,6700000,1430655,-0.79,13.756,6.6
245916_Movie,Kill the Messenger,2014,5000000,5200000,0.04,13.676,6.612
171372_Movie,Frank,2014,1000000,1897363,0.90,13.596,6.9
254201_Movie,The Absent One,2014,5800000,11500000,0.98,13.436,7
236735_Movie,Marshland,2014,4000000,5169755,0.29,13.423,7.041
145220_Movie,Muppets Most Wanted,2014,50000000,80400000,0.61,13.366,6.3
157851_Movie,Maps to the Stars,2014,15000000,4510000,-0.70,13.29,6.185
157829_Movie,The Disappearance of Eleanor Rigby: Them,2014,3000000,1448076,-0.52,13.268,6.2
210947_Movie,Afflicted,2014,318000,121179,-0.62,13.105,6.426
243684_Movie,"Men, Women & Children",2014,16000000,1700000,-0.89,13.03,6.5
203834_Movie,Jessabelle,2014,1000000,23456897,22.46,13.006,5.4
241771_Movie,Beyond the Lights,2014,7000000,14600000,1.09,12.848,6.8
244403_Movie,Rudderless,2014,5000000,58293,-0.99,12.666,7.2
244264_Movie,Laggies,2014,5000000,2379154,-0.52,12.587,6.122
105001_Movie,Iceman,2014,25477000,26033917,0.02,12.397,5.5
287935_Movie,Midnight Sun,2014,12758853,3016126,-0.76,12.328,5.9
229297_Movie,Magic in the Moonlight,2014,16800000,51029361,2.04,12.094,6.5
284296_Movie,Top Five,2014,12000000,26117471,1.18,12.079,6.1
245775_Movie,Yves Saint Laurent,2014,12000000,21026290,0.75,12.013,6.638
252680_Movie,Moms' Night Out,2014,5000000,10429707,1.09,11.914,5.6
200505_Movie,Draft Day,2014,25000000,28831145,0.15,11.91,6.7
225565_Movie,That Awkward Moment,2014,8000000,45600000,4.70,11.902,6.1
290841_Movie,Winx Club: The Mystery of the Abyss,2014,14905188,5337409,-0.64,11.851,7.4
209185_Movie,The Grand Seduction,2014,12700000,3430018,-0.73,11.813,6.7
256917_Movie,The Water Diviner,2014,22500000,15520023,-0.31,11.731,6.8
284279_Movie,Burnout,2014,25000000,6015494,-0.76,11.655,6.4
210479_Movie,Locke,2014,2000000,4635300,1.32,11.599,6.909
290999_Movie,Wyrmwood: Road of the Dead,2014,160000,111141,-0.31,11.459,6.061
244566_Movie,Life After Beth,2014,2400000,88273,-0.96,11.317,5.5
253235_Movie,And So It Goes,2014,18000000,25312387,0.41,11.15,6.028
227735_Movie,Dolphin Tale 2,2014,36000000,52424533,0.46,11.045,6.9
292795_Movie,Yellowbird,2014,6443990,3790114,-0.41,11.008,5.1
193612_Movie,The Quiet Ones,2014,200000,17834867,88.17,10.985,5.11
215211_Movie,Grace of Monaco,2014,30000000,26576000,-0.11,10.979,6.012
286521_Movie,5 Flights Up,2014,6000000,1020921,-0.83,10.962,6.013
246860_Movie,Clouds of Sils Maria,2014,6600000,1851517,-0.72,10.758,6.6
272435_Movie,Gemma Bovery,2014,9700000,154701,-0.98,10.657,6.121
238603_Movie,Earth to Echo,2014,13000000,45300000,2.48,10.552,5.9
269148_Movie,Samba,2014,20000000,151530,-0.99,10.411,6.341
208763_Movie,Forbidden Empire,2014,26000000,34592118,0.33,10.409,5.9
231576_Movie,Wish I Was Here,2014,5500000,5483299,0.00,10.375,6.5
157099_Movie,Better Living Through Chemistry,2014,5000000,75143,-0.98,10.372,5.9
198185_Movie,Million Dollar Arm,2014,25000000,38307627,0.53,10.256,6.7
241868_Movie,Lupin the 3rd,2014,10500000,22300000,1.12,10.231,6.1
262551_Movie,Babysitting,2014,3400000,20258904,4.96,10.178,6.8
294093_Movie,Dinosaur Island,2014,12000000,39296,-1.00,10.153,5.4
265180_Movie,Leviathan,2014,4000000,4396821,0.10,10.106,7.4
267999_Movie,White God,2014,2200000,616277,-0.72,10.078,6.633
209451_Movie,Jersey Boys,2014,40000000,67347013,0.68,10.061,6.763
199575_Movie,These Final Hours,2014,2500000,360000,-0.86,9.998,6.5
273169_Movie,French Women,2014,5000000,12058187,1.41,9.913,5.757
244534_Movie,Happy Christmas,2014,70000,30312,-0.57,9.888,5.1
250219_Movie,I Can Quit Whenever I Want,2014,2000000,54606,-0.97,9.848,7.421
59981_Movie,Legends of Oz: Dorothy's Return,2014,70000000,18662027,-0.73,9.371,6.3
251321_Movie,Aloft,2014,8000000,53086,-0.99,9.335,5.5
177047_Movie,Decoding Annie Parker,2014,2000000,60048,-0.97,8.88,6
79316_Movie,Devil's Due,2014,7000000,36433975,4.20,8.82,4.6
282296_Movie,My Old Lady,2014,5000000,7527232,0.51,8.813,6.21
285803_Movie,Singham Returns,2014,13000000,26000000,1.00,8.694,6.103
230266_Movie,Miss Julie,2014,5500000,5000000,-0.09,8.667,5.6
287767_Movie,Mardaani,2014,2121476,7557761,2.56,8.601,6.6
254869_Movie,Torrente 5,2014,9300000,13851074,0.49,8.555,5.6
259720_Movie,2 States,2014,4587786,22414611,3.89,8.518,6.5
206296_Movie,The Last Five Years,2014,3500000,292092,-0.92,8.419,5.9
268660_Movie,Bangalore Days,2014,7400000,1300000,-0.82,8.046,7.5
253331_Movie,Black or White,2014,9000000,21571189,1.40,7.921,6.8
244783_Movie,Song One,2014,6000000,32251,-0.99,7.721,5.7
211166_Movie,"Rio, I Love You",2014,8500000,600000,-0.93,7.525,4.9
252841_Movie,Highway,2014,2860530,5458444,0.91,7.379,7.2
262788_Movie,The Games Maker,2014,6000000,5205106,-0.13,7.257,5.261
246320_Movie,The Three Brothers: The Return,2014,13640000,20193106,0.48,7.224,5
291348_Movie,A Matter of Faith,2014,600000,677577,0.13,7.18,4.5
199933_Movie,Atlas Shrugged: Part III,2014,5000000,846704,-0.83,7.16,4.4
250349_Movie,Barbecue,2014,6000000,14348529,1.39,7.07,5.837
272875_Movie,The Continent,2014,7300000,9166810,0.26,7.044,6.1
284288_Movie,Mary Kom,2014,224056,15536328,68.34,6.946,7.1
110402_Movie,Hard to Be a God,2014,7000000,1310673,-0.81,6.873,6.6
197583_Movie,50 to 1,2014,10000000,1064454,-0.89,6.833,6.568
292483_Movie,Not Cool,2014,800000,36026,-0.95,6.662,3.3
247645_Movie,Queen,2014,1900000,17000000,7.95,6.59,7.3
267481_Movie,Kitchen in Paris,2014,2300000,13969785,5.07,6.524,6.7
246087_Movie,Jilla,2014,8000000,18000000,1.25,6.3,5.766
271200_Movie,Heropanti,2014,4200000,10000000,1.38,6.259,5.7
249142_Movie,Taste Of You,2014,3000000,2534077,-0.16,6.171,5.8
216015_Movie,Fifty Shades of Grey,2015,40000000,569651467,13.24,153.555,5.879
135397_Movie,Jurassic World,2015,150000000,1671537444,10.14,137.798,6.693
150540_Movie,Inside Out,2015,175000000,857611174,3.90,130.033,7.911
150689_Movie,Cinderella,2015,95000000,543514353,4.72,104.479,6.8
76341_Movie,Mad Max: Fury Road,2015,150000000,378858340,1.53,99.407,7.6
99861_Movie,Avengers: Age of Ultron,2015,365000000,1405403694,2.85,96.35,7.272
214756_Movie,Ted 2,2015,68000000,215863606,2.17,89.359,6.3
168259_Movie,Furious 7,2015,190000000,1515400000,6.98,86.093,7.229
87101_Movie,Terminator Genisys,2015,155000000,440603537,1.84,85.789,5.9
140607_Movie,Star Wars: The Force Awakens,2015,245000000,2068223624,7.44,81.795,7.264
273481_Movie,Sicario,2015,30000000,84997446,1.83,78.688,7.412
254128_Movie,San Andreas,2015,110000000,473990832,3.31,77.719,6.245
303857_Movie,Dragon Ball Z: Resurrection 'F',2015,5000000,61768190,11.35,74.24,6.8
273477_Movie,Scouts Guide to the Zombie Apocalypse,2015,15000000,14900000,-0.01,72.061,6.5
281957_Movie,The Revenant,2015,135000000,532950503,2.95,71.919,7.532
294254_Movie,Maze Runner: The Scorch Trials,2015,61000000,312296056,4.12,69.882,6.7
207703_Movie,Kingsman: The Secret Service,2015,81000000,414351546,4.12,68.446,7.6
257344_Movie,Pixels,2015,88000000,244900000,1.78,67.677,5.7
177677_Movie,Mission: Impossible - Rogue Nation,2015,150000000,682716636,3.55,67.452,7.207
262500_Movie,Insurgent,2015,110000000,297002527,1.70,66.969,6.363
198184_Movie,Chappie,2015,49000000,104399548,1.13,66.133,6.786
105864_Movie,The Good Dinosaur,2015,175000000,332207671,0.90,61.979,6.7
293863_Movie,The Age of Adaline,2015,25000000,65663276,1.63,61.068,7.481
312221_Movie,Creed,2015,37000000,173600000,3.69,60.628,7.408
131634_Movie,The Hunger Games: Mockingjay - Part 2,2015,160000000,653428261,3.08,57.522,6.897
286217_Movie,The Martian,2015,108000000,631058917,4.84,56.575,7.688
158852_Movie,Tomorrowland,2015,190000000,209200000,0.10,55.538,6.278
270303_Movie,It Follows,2015,2300000,23374076,9.16,55.031,6.6
206647_Movie,Spectre,2015,245000000,880707597,2.59,53.678,6.555
76757_Movie,Jupiter Ascending,2015,176000000,184000000,0.05,53.565,5.5
102899_Movie,Ant-Man,2015,130000000,519311965,2.99,53.537,7.1
257211_Movie,The Intern,2015,35000000,194564672,4.56,53.354,7.22
159824_Movie,Hotel Transylvania 2,2015,80000000,473200000,4.92,51.866,6.8
263472_Movie,Knock Knock,2015,10000000,6341684,-0.37,46.24,5.385
264660_Movie,Ex Machina,2015,15000000,36869414,1.46,44.885,7.6
228165_Movie,The SpongeBob Movie: Sponge Out of Water,2015,74000000,311594032,3.21,42.972,6.1
228161_Movie,Home,2015,135000000,368871007,1.73,42.707,6.8
243688_Movie,Poltergeist,2015,35000000,95437994,1.73,42.542,5.2
298312_Movie,The Visit,2015,5000000,98450062,18.69,42.031,6.315
265208_Movie,Wild Card,2015,30000000,6738764,-0.78,40.706,5.7
227719_Movie,Project Almanac,2015,12000000,33200000,1.77,40.696,6.8
254470_Movie,Pitch Perfect 2,2015,29000000,287144079,8.90,40.649,6.9
273248_Movie,The Hateful Eight,2015,44000000,155760117,2.54,40.532,7.8
274854_Movie,The Last Witch Hunter,2015,90000000,146936910,0.63,39.653,5.977
166424_Movie,Fantastic Four,2015,120000000,167977596,0.40,39.063,4.4
318846_Movie,The Big Short,2015,28000000,133346506,3.76,38.272,7.4
307081_Movie,Southpaw,2015,30000000,91709827,2.06,37.955,7.4
296099_Movie,Vacation,2015,31000000,104400000,2.37,37.617,6.3
205775_Movie,In the Heart of the Sea,2015,100000000,93900000,-0.06,37.035,6.76
266294_Movie,Sisters,2015,30000000,105000000,2.50,35.915,6
249070_Movie,Hitman: Agent 47,2015,35000000,81967450,1.34,35.782,5.9
238713_Movie,Spy,2015,65000000,235666219,2.63,35.276,6.83
227973_Movie,The Peanuts Movie,2015,99000000,246233113,1.49,35.014,6.9
276907_Movie,Legend,2015,25000000,42972994,0.72,34.299,7.1
277216_Movie,Straight Outta Compton,2015,28000000,201634991,6.20,33.144,7.8
338676_Movie,Extinction,2015,7000000,2350695,-0.66,33.104,6.227
254320_Movie,The Lobster,2015,4000000,15700000,2.93,33.073,7.044
203801_Movie,The Man from U.N.C.L.E.,2015,75000000,108100000,0.44,32.897,7.1
258509_Movie,Alvin and the Chipmunks: The Road Chip,2015,90000000,233755553,1.60,32.779,6
211672_Movie,Minions,2015,74000000,1159457503,14.67,32.75,6.41
257088_Movie,Point Break,2015,105000000,133782481,0.27,32.658,6
252838_Movie,The Wedding Ringer,2015,23000000,79799880,2.47,31.91,6.5
228205_Movie,The Longest Ride,2015,34000000,63013281,0.85,31.901,7.6
241554_Movie,Run All Night,2015,50000000,71561644,0.43,31.822,6.4
309809_Movie,The Little Prince,2015,64000000,97571250,0.52,31.145,7.61
257445_Movie,Goosebumps,2015,58000000,158261424,1.73,31.113,6.3
201088_Movie,Blackhat,2015,70000000,17752940,-0.75,31.062,5.5
181283_Movie,Child 44,2015,50000000,12951093,-0.74,30.994,6.3
253412_Movie,Everest,2015,55000000,203427584,2.70,30.573,6.8
256040_Movie,Bāhubali: The Beginning,2015,25130430,90747520,2.61,30.553,7.523
258480_Movie,Carol,2015,11800000,40272135,2.41,30.549,7.5
201085_Movie,Crimson Peak,2015,55000000,74700000,0.36,29.596,6.7
280092_Movie,Insidious: Chapter 3,2015,10000000,120453155,11.05,29.429,6.3
238615_Movie,Self/less,2015,26000000,31807156,0.22,29.089,6.417
241251_Movie,The Boy Next Door,2015,4000000,52425855,12.11,27.829,4.893
287948_Movie,The Transporter Refueled,2015,25000000,72629670,1.91,27.786,5.5
274167_Movie,Daddy's Home,2015,50000000,242786137,3.86,27.36,6.3
346646_Movie,Veteran,2015,7528230,87970000,10.69,27.16,6.907
271718_Movie,Trainwreck,2015,35000000,140795793,3.02,27.086,5.804
314365_Movie,Spotlight,2015,20000000,98690254,3.93,26.83,7.815
296098_Movie,Bridge of Spies,2015,40000000,165478348,3.14,26.514,7.235
261023_Movie,Black Mass,2015,53000000,99975678,0.89,26.246,6.5
294963_Movie,Bone Tomahawk,2015,1800000,475846,-0.74,25.993,6.865
188222_Movie,Entourage,2015,30000000,49263404,0.64,25.799,6.233
256961_Movie,Paul Blart: Mall Cop 2,2015,38000000,107597242,1.83,25.624,5.165
256591_Movie,Focus,2015,50100000,153962963,2.07,25.515,6.874
323272_Movie,War Room,2015,3000000,73267874,23.42,25.223,7.8
292431_Movie,Love,2015,3000000,249083,-0.92,25.165,6.4
192141_Movie,No Escape,2015,5000000,54400000,9.88,24.989,6.9
268920_Movie,Hot Pursuit,2015,35000000,51680201,0.48,24.775,5.7
287903_Movie,Krampus,2015,15000000,61800000,3.12,24.658,6.197
306819_Movie,The Danish Girl,2015,15000000,64200000,3.28,24.542,7.571
295964_Movie,Burnt,2015,20000000,36606743,0.83,24.423,6.5
157544_Movie,The Vatican Tapes,2015,13000000,1784763,-0.86,24.385,5.3
283445_Movie,Sinister 2,2015,10000000,53329150,4.33,23.842,5.9
351694_Movie,Monkey King: Hero Is Back,2015,10000000,153000000,14.30,23.599,6.9
167073_Movie,Brooklyn,2015,11000000,62076141,4.64,23.491,7.3
210860_Movie,Mortdecai,2015,60000000,47318560,-0.21,22.594,5.512
285783_Movie,The Walk,2015,35000000,61181942,0.75,22.334,6.991
257091_Movie,Get Hard,2015,40000000,111800000,1.80,21.964,6
301351_Movie,We Are Your Friends,2015,6000000,11100000,0.85,21.852,6.775
264999_Movie,Magic Mike XXL,2015,14800000,117800000,6.96,21.818,6.2
146301_Movie,Paranormal Activity: The Ghost Dimension,2015,10000000,78903124,6.89,21.619,5.3
264644_Movie,Room,2015,13000000,35401758,1.72,21.608,8
250734_Movie,Far from the Madding Crowd,2015,14500000,30300000,1.09,21.171,7.034
272878_Movie,Max,2015,20000000,43956255,1.20,21.027,7.2
336882_Movie,The Wave,2015,5904067,12975143,1.20,21.023,6.7
264419_Movie,Huevos: Little Rooster's Egg-Cellent Adventure,2015,5300000,26072723,3.92,20.682,6.9
323661_Movie,Mune: Guardian of the Moon,2015,17000000,15730665,-0.07,20.574,7.2
346808_Movie,Momentum,2015,20000000,133332,-0.99,20.357,5.7
298382_Movie,The Dressmaker,2015,11930000,25003426,1.10,20.13,7
274479_Movie,Joy,2015,60000000,101134059,0.69,20.053,6.544
336004_Movie,Heist,2015,8900000,4100000,-0.54,19.807,6.1
241257_Movie,Regression,2015,20000000,17671101,-0.12,19.762,5.6
328425_Movie,The Gift,2015,5000000,58978653,10.80,19.691,6.689
325348_Movie,Hardcore Henry,2015,2000000,16810562,7.41,19.439,6.392
318781_Movie,Colonia,2015,14000000,3621046,-0.74,19.043,7.3
263109_Movie,Shaun the Sheep Movie,2015,25000000,106209378,3.25,19.001,6.963
370964_Movie,I Am Dragon,2015,18000000,10495305,-0.42,18.886,7.2
272693_Movie,The DUFF,2015,8500000,43528634,4.12,18.492,6.8
287424_Movie,Maggie,2015,4000000,187112,-0.95,18.253,5.4
300168_Movie,Dragon Blade,2015,65000000,121545703,0.87,18.219,6.401
290764_Movie,Tracers,2015,11000000,593683,-0.95,17.957,6
302429_Movie,Strange Magic,2015,100000000,13603453,-0.86,17.895,7.091
333352_Movie,Eye in the Sky,2015,13000000,18704595,0.44,17.793,7
344268_Movie,The New Adventures of Aladdin,2015,17800000,35800000,1.01,17.766,4.724
225728_Movie,Macbeth,2015,15000000,16322067,0.09,17.726,6.5
318917_Movie,Look Who's Back,2015,3196621,25513752,6.98,17.724,6.8
299824_Movie,Mojin: The Lost Legend,2015,37000000,278300000,6.52,17.683,6.2
326215_Movie,Ooops! Noah Is Gone...,2015,6000000,22783699,2.80,17.576,6.4
293646_Movie,The 33,2015,25000000,24900000,0.00,17.514,6.4
222936_Movie,Aloha,2015,37000000,26250020,-0.29,16.898,5.512
266647_Movie,Pan,2015,150000000,128388320,-0.14,16.804,6
296100_Movie,The Night Before,2015,25000000,52395996,1.10,16.569,6.1
308504_Movie,Last Knights,2015,40000000,3643591,-0.91,16.532,6.4
373200_Movie,Detective Chinatown,2015,15000000,125842935,7.39,16.444,6.8
182560_Movie,Dark Places,2015,20000000,5090852,-0.75,16.435,5.9
321741_Movie,Concussion,2015,35000000,50400000,0.44,16.312,7.1
280391_Movie,Animal Kingdom: Let's Go Ape,2015,37580800,16294916,-0.57,16.198,5.2
310593_Movie,Youth,2015,13360000,2000000,-0.85,16.111,6.9
343795_Movie,90 Minutes in Heaven,2015,5000000,4842699,-0.03,16.03,5.9
286565_Movie,Paper Towns,2015,12000000,85500000,6.13,15.847,6.2
365222_Movie,Ip Man 3,2015,36000000,157000000,3.36,15.77,7.02
314405_Movie,Tale of Tales,2015,12000000,5500277,-0.54,15.684,6.417
230179_Movie,Big Game,2015,8500000,7500000,-0.12,15.674,5.5
294016_Movie,Trumbo,2015,15000000,8235661,-0.45,15.49,7.164
157843_Movie,Queen of the Desert,2015,15000000,1592853,-0.89,15.475,5.9
321697_Movie,Steve Jobs,2015,30000000,34400000,0.15,15.207,6.8
309425_Movie,Do You Believe?,2015,2300000,14410698,5.27,15.159,6.5
245698_Movie,Pawn Sacrifice,2015,19000000,5600000,-0.71,15.075,6.7
10317_Movie,Our Brand Is Crisis,2015,28000000,7002261,-0.75,15.061,5.8
333348_Movie,Love the Coopers,2015,17000000,42426912,1.50,15.018,6
291270_Movie,Anomalisa,2015,8000000,5700000,-0.29,14.981,7.1
250124_Movie,The Diary of a Teenage Girl,2015,2000000,1477002,-0.26,14.938,6.6
308084_Movie,Tangerine,2015,100000,925000,8.25,14.912,6.9
280996_Movie,Mr. Holmes,2015,11000000,29355203,1.67,14.641,6.5
300602_Movie,Capture the Flag,2015,14000000,8306690,-0.41,14.606,6.1
245168_Movie,Suffragette,2015,14000000,16002420,0.14,14.485,7.234
256962_Movie,Little Boy,2015,20000000,6500000,-0.68,14.345,7.2
228066_Movie,Victor Frankenstein,2015,40000000,34200000,-0.15,14.26,5.9
283235_Movie,99 Homes,2015,8000000,1411927,-0.82,14.14,6.8
304357_Movie,Woman in Gold,2015,11000000,61619773,4.60,14.128,7.3
243940_Movie,The Lazarus Effect,2015,3300000,64110728,18.43,14.069,5.3
336050_Movie,Son of Saul,2015,1000000,1777043,0.78,13.925,7.144
271674_Movie,Suite Française,2015,15000000,9104716,-0.39,13.835,7.3
283587_Movie,Beasts of No Nation,2015,6000000,9077700,0.51,13.771,7.6
232572_Movie,A Walk in the Woods,2015,8000000,37461274,3.68,13.669,6.094
336808_Movie,Embrace of the Serpent,2015,1400000,1320005,-0.06,13.418,7.7
261392_Movie,American Ultra,2015,28000000,27100000,-0.03,13.386,6.088
300693_Movie,Truth,2015,9600000,5383097,-0.44,13.33,6.549
337876_Movie,Gabbar Is Back,2015,11000000,41000000,2.73,13.258,6.9
314385_Movie,By the Sea,2015,10000000,3727746,-0.63,13.227,5.5
335462_Movie,Wolf Warrior,2015,12000000,80000000,5.67,13.225,6.2
223485_Movie,Slow West,2015,2000000,1617522,-0.19,13.035,6.697
330764_Movie,The Brand New Testament,2015,8700000,15709652,0.81,13.017,6.662
252512_Movie,While We're Young,2015,10000000,17287309,0.73,12.989,5.99
239573_Movie,Unfinished Business,2015,35000000,14431253,-0.59,12.798,5.5
348537_Movie,Spanish Affair 2,2015,4500000,38482411,7.55,12.716,5.5
167810_Movie,Lost River,2015,2000000,45431,-0.98,12.588,5.745
350650_Movie,Doraemon: Nobita and the Space Heroes,2015,46597700,32700000,-0.30,12.571,6.4
362045_Movie,Bajirao Mastani,2015,19500000,56000000,1.87,12.471,7.3
243938_Movie,Hot Tub Time Machine 2,2015,36000000,64800000,0.80,12.462,5.2
271714_Movie,Love & Mercy,2015,10000000,28600000,1.86,12.376,7.088
248574_Movie,Barely Lethal,2015,15000000,933847,-0.94,12.334,5.7
354072_Movie,Our Times,2015,2700000,82027760,29.38,12.295,7.3
357940_Movie,Mr. Six,2015,250000,139191345,555.77,12.176,6.8
333596_Movie,Woodlawn,2015,12000000,14394097,0.20,12.091,6.9
331836_Movie,Babysitting 2,2015,9458736,24563629,1.60,12.013,6.3
304372_Movie,The Perfect Guy,2015,12000000,60273173,4.02,11.882,5.7
331190_Movie,Captive,2015,2000000,2801508,0.40,11.848,5.709
266396_Movie,The Gunman,2015,40000000,13644292,-0.66,11.794,5.74
253450_Movie,The Assassin,2015,15000000,11991669,-0.20,11.696,6.4
290751_Movie,Secret in Their Eyes,2015,19500000,34854990,0.79,11.653,6.4
268238_Movie,The Second Best Exotic Marigold Hotel,2015,10000000,86000000,7.60,11.653,6.423
256924_Movie,Danny Collins,2015,10000000,10835752,0.08,11.63,6.8
299245_Movie,The Gallows,2015,100000,42964410,428.64,11.55,4.922
234212_Movie,Demonic,2015,3000000,3387000,0.13,11.511,5.3
301875_Movie,Equals,2015,16000000,2084628,-0.87,11.206,6.119
308638_Movie,The D Train,2015,447524,771317,0.72,11.142,4.87
308639_Movie,Dope,2015,7000000,17986781,1.57,11.089,7.066
174751_Movie,Jane Got a Gun,2015,25000000,3771345,-0.85,11.075,5.8
309304_Movie,Grandma,2015,600000,7200000,11.00,10.945,6.461
306745_Movie,Freeheld,2015,7000000,573335,-0.92,10.936,7.226
352161_Movie,The Clan,2015,3500000,20381995,4.82,10.91,6.8
328589_Movie,The Lady in the Van,2015,6000000,41387687,5.90,10.881,6.4
320048_Movie,Ratter,2015,500000,110834,-0.78,10.77,5.2
341895_Movie,Premam,2015,620000,1100000,0.77,10.764,7.5
326284_Movie,Pound of Flesh,2015,7500000,163080,-0.98,10.712,5.619
275601_Movie,Ricki and the Flash,2015,18000000,41325328,1.30,10.626,5.786
266639_Movie,Jem and the Holograms,2015,5000000,2333684,-0.53,10.606,5.521
359790_Movie,Blackway,2015,8000000,16458,-1.00,10.488,5.261
157827_Movie,Louder Than Bombs,2015,11000000,1400000,-0.87,10.451,6.5
301748_Movie,The Opposite Sex,2015,3300000,50206,-0.98,10.328,4.7
310121_Movie,I'll See You in My Dreams,2015,1000000,7449681,6.45,10.268,6.304
310133_Movie,Cop Car,2015,800000,143658,-0.82,10.247,5.938
352173_Movie,Drishyam,2015,4600000,18000000,2.91,10.157,7.7
282984_Movie,Irrational Man,2015,11000000,27391084,1.49,10.124,6.5
338065_Movie,Dil Dhadakne Do,2015,13000000,22000000,0.69,9.911,6.8
348892_Movie,Bajrangi Bhaijaan,2015,13000000,150000000,10.54,9.891,7.8
319993_Movie,Aferim!,2015,1379375,105097,-0.92,9.878,7.4
316002_Movie,Accidental Love,2015,26000000,24487,-1.00,9.804,4.283
331588_Movie,The Great Gilly Hopkins,2015,5000000,97798,-0.98,9.652,6.6
329805_Movie,My King,2015,10600000,8000000,-0.25,9.594,7.1
332835_Movie,Piku,2015,5500000,22159216,3.03,9.59,7
334304_Movie,Belle and Sebastian: The Adventure Continues,2015,15100000,14526807,-0.04,9.484,6.9
253414_Movie,Rock the Kasbah,2015,15000000,3020664,-0.80,9.463,5.4
246127_Movie,Every Thing Will Be Fine,2015,12000000,554953,-0.95,9.449,5.4
370665_Movie,Dilwale,2015,26000000,61000000,1.35,9.422,6.6
336804_Movie,Mustang,2015,1300000,5300000,3.08,9.341,7.7
320588_Movie,"Hello, My Name Is Doris",2015,1000000,14659448,13.66,9.324,6.414
300153_Movie,Life,2015,12000000,1231606,-0.90,9.183,6
273899_Movie,Stonewall,2015,13500000,187674,-0.99,9.129,6.1
375742_Movie,The Lure,2015,1300000,102986,-0.92,9.016,6.3
254905_Movie,Manglehorn,2015,4000000,143101,-0.96,8.979,5.411
305638_Movie,The Shamer's Daughter,2015,7500000,2348712,-0.69,8.901,5.8
245846_Movie,Strangerland,2015,10000000,111107,-0.99,8.64,5.3
298721_Movie,Cemetery of Splendor,2015,980000,89487,-0.91,8.436,5.9
336029_Movie,A Tale of Love and Darkness,2015,4000000,572212,-0.86,8.347,5.7
309302_Movie,Wolf Totem,2015,38000000,123205624,2.24,7.914,6.5
360203_Movie,Lost in the Sun,2015,25000,25000,0.00,7.873,5.9
338517_Movie,The Dawns Here Are Quiet,2015,3300000,5249225,0.59,7.779,6.9
351037_Movie,The Ardennes,2015,2200000,1366879,-0.38,7.596,6.641
334394_Movie,Baskin,2015,350000,318155,-0.09,7.536,5.8
293644_Movie,Top Cat Begins,2015,8000000,4668442,-0.42,7.15,6.7
358962_Movie,Queen of Spades: The Dark Rite,2015,1000000,2228115,1.23,7.077,5.3
333623_Movie,Love Live! The School Idol Movie,2015,3000000,21000000,6.00,7.007,7.7
325844_Movie,Serial Teachers 2,2015,17000000,25364150,0.49,6.972,5.325
365961_Movie,"Help, I Shrunk My Teacher",2015,7000000,8521017,0.22,6.864,5.558
320295_Movie,Detective Byomkesh Bakshy!,2015,5100000,5200000,0.02,6.839,6.7
362136_Movie,Prem Ratan Dhan Payo,2015,23400000,67000000,1.86,6.815,5.4
393821_Movie,D@bbe 6: The Return,2015,700000,3853240,4.50,6.733,6.108
323020_Movie,Bis,2015,14000000,10846026,-0.23,6.691,5.297
307946_Movie,I Smile Back,2015,495000,63373,-0.87,6.496,6.2
341420_Movie,Demonte Colony,2015,240000,2000000,7.33,6.486,7.2
254472_Movie,Stung,2015,2500000,71085,-0.97,6.34,5.3
323517_Movie,Badlapur,2015,3700000,11480000,2.10,6.294,6.9
362739_Movie,Sons of Rizk,2015,1368070,1249176,-0.09,6.188,7.2
289143_Movie,Dofus - Book I: Julith,2015,8027100,624747,-0.92,5.979,7.5
271110_Movie,Captain America: Civil War,2016,250000000,1155046416,3.62,172.492,7.444
396535_Movie,Train to Busan,2016,8500000,87547518,9.30,111.112,7.751
293660_Movie,Deadpool,2016,58000000,782837347,12.50,106.641,7.622
269149_Movie,Zootopia,2016,150000000,1023784195,5.83,103.259,7.7
296096_Movie,Me Before You,2016,20000000,207945075,9.40,101.809,7.9
324786_Movie,Hacksaw Ridge,2016,40000000,175302354,3.38,93.791,8.195
259693_Movie,The Conjuring 2,2016,40000000,322811702,7.07,87.663,7.289
209112_Movie,Batman v Superman: Dawn of Justice,2016,250000000,874362803,2.50,80.962,6
343611_Movie,Jack Reacher: Never Go Back,2016,60000000,162100000,1.70,77.906,5.994
290098_Movie,The Handmaiden,2016,8575000,38600000,3.50,76.601,8.2
313369_Movie,La La Land,2016,30000000,447407695,13.91,76.174,7.9
335797_Movie,Sing,2016,75000000,634151679,7.46,73.378,7.112
47933_Movie,Independence Day: Resurgence,2016,165000000,389681935,1.36,72.969,5.332
300671_Movie,13 Hours: The Secret Soldiers of Benghazi,2016,50000000,69411370,0.39,71.534,7.273
302946_Movie,The Accountant,2016,44000000,155160045,2.53,71.194,7.1
246655_Movie,X-Men: Apocalypse,2016,178000000,543934787,2.06,69.427,6.512
329865_Movie,Arrival,2016,47000000,203388186,3.33,67.679,7.609
140300_Movie,Kung Fu Panda 3,2016,145000000,521170825,2.59,65.373,6.9
284052_Movie,Doctor Strange,2016,180000000,676343174,2.76,62.705,7.4
278924_Movie,Mechanic: Resurrection,2016,40000000,125729635,2.14,60.429,6
68735_Movie,Warcraft,2016,160000000,433677183,1.71,59.954,6.38
381284_Movie,Hidden Figures,2016,25000000,235957472,8.44,56.365,8.056
258230_Movie,A Monster Calls,2016,43000000,47300000,0.10,55.935,7.3
397243_Movie,The Autopsy of Jane Doe,2016,4000000,6170043,0.54,53.671,6.808
278927_Movie,The Jungle Book,2016,175000000,966550600,4.52,52.89,6.865
259316_Movie,Fantastic Beasts and Where to Find Them,2016,180000000,809342332,3.50,52.876,7.317
310131_Movie,The Witch,2016,4000000,40423945,9.11,52.79,6.978
311324_Movie,The Great Wall,2016,150000000,331957105,1.21,52.272,6
330459_Movie,Rogue One: A Star Wars Story,2016,200000000,1056057273,4.28,48.066,7.493
302699_Movie,Central Intelligence,2016,50000000,216972543,3.34,47.574,6.416
136799_Movie,Trolls,2016,125000000,347337803,1.78,47.558,6.6
205584_Movie,Gods of Egypt,2016,140000000,150680864,0.08,47.41,5.7
290250_Movie,The Nice Guys,2016,50000000,71261763,0.43,47.163,7.1
43074_Movie,Ghostbusters,2016,144000000,229147509,0.59,46.436,5.347
278154_Movie,Ice Age: Collision Course,2016,105000000,408579038,2.89,46.394,6.1
333484_Movie,The Magnificent Seven,2016,90000000,162400000,0.80,44.755,6.46
95610_Movie,Bridget Jones's Baby,2016,35000000,211952420,5.06,44.08,6.4
308531_Movie,Teenage Mutant Ninja Turtles: Out of the Shadows,2016,135000000,245623848,0.82,43.78,6
267935_Movie,The BFG,2016,140000000,195243411,0.39,43.772,6.276
283366_Movie,Miss Peregrine's Home for Peculiar Children,2016,110000000,296482446,1.70,43.547,6.8
291805_Movie,Now You See Me 2,2016,120000000,334897606,1.79,43.289,6.825
346672_Movie,Underworld: Blood Wars,2016,35000000,81093313,1.32,43.151,5.9
127380_Movie,Finding Dory,2016,200000000,1028600000,4.14,42.88,7.038
324668_Movie,Jason Bourne,2016,120000000,415484914,2.46,42.48,6.361
188927_Movie,Star Trek Beyond,2016,185000000,343471816,0.86,42.404,6.8
316727_Movie,The Purge: Election Year,2016,10000000,118587880,10.86,42.398,6.4
340666_Movie,Nocturnal Animals,2016,22500000,29300000,0.30,41.868,7.4
376867_Movie,Moonlight,2016,4000000,65046687,15.26,41.654,7.4
241259_Movie,Alice Through the Looking Glass,2016,170000000,299457024,0.76,41.589,6.559
153518_Movie,The Angry Birds Movie,2016,73000000,349779543,3.79,39.68,6.2
299687_Movie,The 5th Wave,2016,38000000,109906372,1.89,39.535,5.9
363676_Movie,Sully,2016,60000000,240800000,3.01,39.354,7.196
297761_Movie,Suicide Squad,2016,175000000,749200054,3.28,38.86,5.918
375794_Movie,"No manches, Frida",2016,5000000,23500000,3.70,38.775,7.67
356305_Movie,Why Him?,2016,38000000,118102725,2.11,38.438,6.4
262504_Movie,Allegiant,2016,110000000,179246868,0.63,37.218,6.101
293670_Movie,The Wailing,2016,10951000,49851770,3.55,36.639,7.4
313297_Movie,Kubo and the Two Strings,2016,60000000,76249438,0.27,36.108,7.633
277834_Movie,Moana,2016,150000000,690860472,3.61,35.997,7.566
333371_Movie,10 Cloverfield Lane,2016,15000000,110216998,6.35,35.904,6.991
274870_Movie,Passengers,2016,110000000,303144152,1.76,35.662,6.95
267860_Movie,London Has Fallen,2016,60000000,205754447,2.43,35.314,6.21
300669_Movie,Don't Breathe,2016,9900000,158906350,15.05,35.277,7
290595_Movie,The Huntsman: Winter's War,2016,115000000,164989338,0.43,34.81,6.3
334541_Movie,Manchester by the Sea,2016,9000000,79000000,7.78,34.785,7.547
308266_Movie,War Dogs,2016,50000000,86234523,0.72,34.603,6.923
310307_Movie,The Founder,2016,15000000,24121245,0.61,33.518,7.13
223702_Movie,Sausage Party,2016,19000000,140705322,6.41,33.355,5.7
121856_Movie,Assassin's Creed,2016,125000000,240700000,0.93,30.639,5.4
332567_Movie,The Shallows,2016,17000000,119100758,6.01,30.604,6.346
334533_Movie,Captain Fantastic,2016,5000000,23123592,3.62,28.926,7.9
321258_Movie,The Boy,2016,10000000,73929392,6.39,28.865,6
346685_Movie,The Girl on the Train,2016,45000000,173200000,2.85,28.853,6.4
258489_Movie,The Legend of Tarzan,2016,180000000,356743061,0.98,28.83,5.9
316152_Movie,Free State of Jones,2016,50000000,25035950,-0.50,28.351,6.8
296524_Movie,Deepwater Horizon,2016,110000000,121790376,0.11,26.815,6.877
381890_Movie,The Mermaid,2016,60720000,553810228,8.12,26.762,6.556
342473_Movie,Ballerina,2016,30000000,109573511,2.65,26.537,7.2
345911_Movie,Lights Out,2016,4900000,149368835,29.48,26.438,6.4
271969_Movie,Ben-Hur,2016,100000000,94061311,-0.06,26.011,5.746
334543_Movie,Lion,2016,12000000,140312928,10.69,25.901,8.1
339984_Movie,Miracles from Heaven,2016,16000000,74000000,3.63,25.395,7.4
315011_Movie,Shin Godzilla,2016,15000000,78053145,4.20,25.157,7.2
291870_Movie,Dirty Grandpa,2016,11500000,94100000,7.18,24.996,5.927
58431_Movie,Pride and Prejudice and Zombies,2016,28000000,16457494,-0.41,24.939,6.2
323675_Movie,Ride Along 2,2016,40000000,124827316,2.12,24.826,6.255
294272_Movie,Pete's Dragon,2016,65000000,143695338,1.21,24.647,6.4
372519_Movie,The Ten Commandments: The Movie,2016,39307171,37070177,-0.06,24.292,7.2
306947_Movie,The Invitation,2016,1000000,354835,-0.65,23.529,6.43
207932_Movie,Inferno,2016,75000000,220021259,1.93,23.418,6.075
345920_Movie,Collateral Beauty,2016,36000000,88528280,1.46,23.411,7.2
393519_Movie,Raw,2016,3500000,4100000,0.17,23.253,7.056
259694_Movie,How to Be Single,2016,38000000,112343513,1.96,23.134,6.3
336011_Movie,White Girl,2016,700000,200242,-0.71,22.962,5.7
146198_Movie,Triple 9,2016,20000000,12600000,-0.37,22.642,5.98
369885_Movie,Allied,2016,106000000,119520023,0.13,22.619,6.794
388399_Movie,Patriots Day,2016,45000000,50548152,0.12,22.555,7.055
335796_Movie,Ouija: Origin of Evil,2016,9000000,81700000,8.08,22.314,6.132
267193_Movie,Grimsby,2016,35000000,28000000,-0.20,22.171,5.95
371645_Movie,Hunt for the Wilderpeople,2016,2500000,23900000,8.56,22.152,7.655
332210_Movie,Storks,2016,70000000,182379278,1.61,21.99,6.7
68730_Movie,Silence,2016,46000000,23834809,-0.48,21.353,7.1
409502_Movie,I'm Not Ashamed,2016,1500000,2082980,0.39,21.226,7.2
303858_Movie,Money Monster,2016,27000000,93282604,2.45,20.803,6.435
376660_Movie,The Edge of Seventeen,2016,9000000,18803648,1.09,20.651,7.2
338766_Movie,Hell or High Water,2016,12000000,37600000,2.13,20.164,7.3
293767_Movie,Billy Lynn's Long Halftime Walk,2016,40000000,30930984,-0.23,20.077,6.028
351819_Movie,Fifty Shades of Black,2016,20000000,21164799,0.06,20.042,4.9
360814_Movie,Dangal,2016,10400000,311000000,28.90,19.943,7.9
322240_Movie,Nine Lives,2016,30000000,57814445,0.93,19.817,5.8
525686_Movie,My Cousin the Sexologist,2016,15000,35749,1.38,19.811,6.8
369557_Movie,Sing Street,2016,4000000,13624522,2.41,19.765,7.9
319888_Movie,Eddie the Eagle,2016,23000000,46152411,1.01,19.707,7.2
351211_Movie,Blair Witch,2016,5000000,45172994,8.03,19.61,5.219
393457_Movie,Fences,2016,24000000,64400000,1.68,19.585,6.9
301365_Movie,The Neon Demon,2016,7000000,3400000,-0.51,19.439,6.5
341006_Movie,The Belko Experiment,2016,5000000,10166820,1.03,19.225,6.1
329833_Movie,Zoolander 2,2016,50000000,56722693,0.13,18.999,4.9
340945_Movie,USS Indianapolis: Men of Courage,2016,40000000,2158568,-0.95,18.884,5.882
303991_Movie,Demolition,2016,10000000,4366460,-0.56,18.834,6.8
348668_Movie,A Conspiracy of Faith,2016,5210000,9700000,0.86,18.808,7
270774_Movie,Skiptrace,2016,32000000,58500000,0.83,18.796,5.7
335778_Movie,Risen,2016,20000000,46100000,1.31,18.794,6.179
323677_Movie,Race,2016,5000000,24804129,3.96,18.743,7.244
390497_Movie,Tunnel,2016,1000000,52444295,51.44,18.695,7.3
328387_Movie,Nerve,2016,19000000,85241496,3.49,18.556,7
300673_Movie,The Finest Hours,2016,80000000,52099090,-0.35,18.451,6.6
234004_Movie,Ratchet & Clank,2016,20000000,8800000,-0.56,18.437,5.8
263341_Movie,"Crouching Tiger, Hidden Dragon: Sword of Destiny",2016,20000000,38659039,0.93,18.422,6.111
262841_Movie,Monster Trucks,2016,125000000,64493915,-0.48,18.377,6.1
325133_Movie,Neighbors 2: Sorority Rising,2016,35000000,108007109,2.09,18.364,5.8
413052_Movie,Hacker,2016,2000000,11239,-0.99,18.071,6.3
328111_Movie,The Secret Life of Pets,2016,75000000,875457937,10.67,18.037,6.289
376290_Movie,Miss Sloane,2016,13000000,9101546,-0.30,18.036,7.4
271706_Movie,Big Fish & Begonia,2016,4531653,84552250,17.66,17.76,7.4
376659_Movie,Bad Moms,2016,20000000,183936074,8.20,17.624,6.5
381902_Movie,The Monkey King 2,2016,68490000,193677158,1.83,17.524,5.9
404378_Movie,A Street Cat Named Bob,2016,8000000,17900000,1.24,17.492,7.912
399173_Movie,The Assignment,2016,5000000,388789,-0.92,17.484,5.5
333669_Movie,Bastille Day,2016,20000000,14397593,-0.28,17.477,6.3
302401_Movie,Snowden,2016,40000000,37357216,-0.07,17.457,7.104
270487_Movie,"Hail, Caesar!",2016,22000000,63647656,1.89,17.225,5.923
245703_Movie,Midnight Special,2016,18000000,7112282,-0.60,17.117,6.2
302156_Movie,Criminal,2016,31500000,14708696,-0.53,17.107,6.205
241258_Movie,Incarnate,2016,5000000,6341855,0.27,16.872,5.4
309886_Movie,Blood Father,2016,13000000,6903033,-0.47,16.509,6.2
286567_Movie,Max Steel,2016,10000000,6272403,-0.37,16.494,5.6
329440_Movie,The Forest,2016,10000000,37608299,2.76,16.33,5.224
317557_Movie,Queen of Katwe,2016,15000000,10367161,-0.31,16.286,7.2
347126_Movie,God's Not Dead 2,2016,5000000,24487848,3.90,16.252,6.1
313922_Movie,Green Room,2016,5000000,3800000,-0.24,16.219,6.721
341012_Movie,Popstar: Never Stop Never Stopping,2016,20000000,9500000,-0.53,16.186,6.619
340485_Movie,American Honey,2016,3500000,2290649,-0.35,15.471,6.8
316023_Movie,Mike and Dave Need Wedding Dates,2016,33000000,77100000,1.34,15.435,6.1
429450_Movie,Pandora,2016,13938145,30169000,1.16,15.434,7.541
407887_Movie,Operation Chromite,2016,12700000,49196532,2.87,15.386,5.9
353069_Movie,Mother's Day,2016,25000000,48782670,0.95,15.16,6
184341_Movie,Hands of Stone,2016,20000000,5000000,-0.75,15.155,6.6
335791_Movie,When the Bough Breaks,2016,10000000,30658387,2.07,15.031,5.8
248705_Movie,The Visitors: Bastille Day,2016,25868826,18552314,-0.28,14.934,4.1
302688_Movie,My Big Fat Greek Wedding 2,2016,18000000,90632641,4.04,14.916,6
333667_Movie,Rock Dog,2016,60000000,23270926,-0.61,14.914,6.2
330483_Movie,The Choice,2016,10000000,23730891,1.37,14.823,7.204
377264_Movie,Morgan,2016,8000000,8810591,0.10,14.687,5.8
376812_Movie,Sultan,2016,10400000,102000000,8.81,14.625,6.9
380111_Movie,Flight Crew,2016,10000000,27305571,1.73,14.609,7
291328_Movie,Rules Don't Apply,2016,25000000,3900000,-0.84,14.598,5.7
337674_Movie,Elle,2016,9804690,2341534,-0.76,14.545,6.7
363579_Movie,The Age of Shadows,2016,9620000,53165427,4.53,14.444,7.2
347031_Movie,Swiss Army Man,2016,3000000,5800000,0.93,14.388,6.928
325789_Movie,The Infiltrator,2016,28000000,21011110,-0.25,14.384,6.675
354859_Movie,The Promise,2016,90000000,12448676,-0.86,14.267,6.9
334524_Movie,Gold,2016,20000000,14880939,-0.26,14.151,6.6
364116_Movie,The Other Side of the Door,2016,5000000,14332467,1.87,14.065,5.549
370755_Movie,Paterson,2016,5000000,2152738,-0.57,14.062,7.113
259695_Movie,Live by Night,2016,90000000,22700000,-0.75,14.025,6.249
339419_Movie,Loving,2016,9000000,8996802,0.00,13.76,6.7
295699_Movie,Everybody Wants Some!!,2016,10000000,3400278,-0.66,13.641,6.4
340674_Movie,Dark Crimes,2016,4480393,21216,-1.00,13.621,4.6
283552_Movie,The Light Between Oceans,2016,20000000,25975621,0.30,13.621,7.1
406429_Movie,League of Gods,2016,38000000,43300000,0.14,13.579,5.6
402298_Movie,Denial,2016,10000000,7994527,-0.20,13.572,6.9
382322_Movie,Batman: The Killing Joke,2016,3500000,3775000,0.08,13.515,6.594
384682_Movie,Office Christmas Party,2016,45000000,114500000,1.54,13.513,5.7
195590_Movie,Collide,2016,21500000,6817535,-0.68,13.474,5.5
376166_Movie,From the Land of the Moon,2016,10300000,47748,-1.00,13.306,6.6
361159_Movie,Navy Seals vs. Zombies,2016,1181389,56191,-0.95,13.296,5.2
323676_Movie,The Boss,2016,29000000,78600000,1.71,13.248,5.8
342521_Movie,Keanu,2016,15000000,20609977,0.37,13.128,6.07
326423_Movie,Barbershop: The Next Cut,2016,20000000,55030051,1.75,13.115,6.3
326285_Movie,American Pastoral,2016,10000000,1715728,-0.83,13.091,6.171
213681_Movie,Masterminds,2016,25000000,29200000,0.17,13.049,5.7
332979_Movie,Bleed for This,2016,6000000,6174491,0.03,12.989,6.8
342737_Movie,20th Century Women,2016,7000000,5664764,-0.19,12.949,7.3
296360_Movie,Love & Friendship,2016,3000000,21401949,6.13,12.67,6.1
338189_Movie,It's Only the End of the World,2016,10000000,9231823,-0.08,12.654,7.2
373314_Movie,Misconduct,2016,11000000,2049761,-0.81,12.577,5.6
393559_Movie,My Life as a Zucchini,2016,8000000,5873256,-0.27,12.476,7.8
413543_Movie,Dear Zindagi,2016,4300000,3376375,-0.21,12.441,7
333385_Movie,Mr. Right,2016,8000000,34694,-1.00,12.436,6.468
359412_Movie,Marauders,2016,15000000,1616004,-0.89,12.398,5.8
368940_Movie,Robinson Crusoe,2016,13500000,40075446,1.97,12.382,5.8
312669_Movie,Maggie's Plan,2016,2000000,3400000,0.70,12.253,5.697
257345_Movie,The Darkness,2016,4000000,10900000,1.73,12.231,4.8
394684_Movie,May God Save Us,2016,4000000,1598584,-0.60,12.195,6.733
315664_Movie,Florence Foster Jenkins,2016,29000000,48902953,0.69,12.149,6.667
340676_Movie,Personal Shopper,2016,6000000,1305195,-0.78,12.028,5.9
331313_Movie,Keeping Up with the Joneses,2016,40000000,29900000,-0.25,12.008,6.1
391629_Movie,Baaghi,2016,5103000,17377000,2.41,11.935,6.4
338964_Movie,Bad Santa 2,2016,26000000,24100000,-0.07,11.928,5.4
270010_Movie,A Hologram for the King,2016,30000000,9169507,-0.69,11.836,5.8
332872_Movie,Julieta,2016,1490000,22468044,14.08,11.73,6.983
392794_Movie,The Dancer,2016,8000000,2000000,-0.75,11.71,6.6
380124_Movie,Boo! A Madea Halloween,2016,20000000,74827344,2.74,11.636,5.8
291351_Movie,The Sea of Trees,2016,15000000,909000,-0.94,11.604,6.2
351809_Movie,To Steal from a Thief,2016,6700000,9074836,0.35,11.585,6.24
339408_Movie,The Birth of a Nation,2016,8500000,15861566,0.87,11.56,6.5
276905_Movie,Norm of the North,2016,7000000,17062499,1.44,11.555,4.6
318850_Movie,The Young Messiah,2016,18500000,6500000,-0.65,11.532,6.4
376866_Movie,Jackie,2016,9000000,13960394,0.55,11.44,6.456
308453_Movie,The Bronze,2016,3500000,615816,-0.82,11.293,6.041
257440_Movie,Term Life,2016,16500000,21256,-1.00,11.283,6
329981_Movie,Shut In,2016,10000000,13082071,0.31,11.162,5.3
411638_Movie,The Fury of a Patient Man,2016,1200000,1813729,0.51,11.119,6.574
376565_Movie,The Duelist,2016,12800000,6101904,-0.52,11.047,6.3
360365_Movie,Tini: The New Life of Violetta,2016,19201483,17000172,-0.11,10.994,7.322
375867_Movie,Paris Can Wait,2016,5000000,13203541,1.64,10.96,5.8
340402_Movie,Almost Christmas,2016,17000000,42580920,1.50,10.889,5.9
339397_Movie,Café Society,2016,30000000,43763247,0.46,10.88,6.5
371865_Movie,Slack Bay,2016,8104734,920719,-0.89,10.87,5.6
427008_Movie,The Mountain II,2016,670000,11378898,15.98,10.827,7.531
398535_Movie,Udta Punjab,2016,5980000,14900000,1.49,10.805,7.2
301348_Movie,Elvis & Nixon,2016,5000000,1100000,-0.78,10.784,6
361777_Movie,Smoke & Mirrors,2016,5000000,2387127,-0.52,10.682,6.462
377447_Movie,Railroad Tigers,2016,50000000,102205175,1.04,10.524,6
376453_Movie,Operation Avalanche,2016,1250000,55000,-0.96,10.499,6.1
300667_Movie,3 Generations,2016,10000000,680351,-0.93,10.47,6.379
369883_Movie,Middle School: The Worst Years of My Life,2016,8500000,23316139,1.74,10.466,6.9
368031_Movie,Friend Request,2016,9900000,10975390,0.11,10.453,5.6
339927_Movie,Kevin Hart: What Now?,2016,9900000,23600000,1.38,10.45,6.5
205588_Movie,Our Kind of Traitor,2016,4000000,9930095,1.48,10.401,6
332718_Movie,Bilal: A New Breed of Hero,2016,30000000,1750000,-0.94,10.394,6.8
347026_Movie,A United Kingdom,2016,14000000,13819139,-0.01,10.26,6.7
279641_Movie,Whiskey Tango Foxtrot,2016,35000000,48000000,0.37,10.185,6.301
392142_Movie,Max & Leon,2016,12156348,8750678,-0.28,10.114,6.3
371560_Movie,The Eyes of My Mother,2016,300000,48539,-0.84,10.098,6.2
384737_Movie,Precious Cargo,2016,10500000,567064,-0.95,10.063,5.1
377985_Movie,Fan,2016,12750000,28000000,1.20,10.034,6.3
388045_Movie,The Legend of the Chupacabras,2016,1600000,5100000,2.19,9.931,7.2
368942_Movie,A Quiet Passion,2016,8138338,1864266,-0.77,9.573,6.067
340487_Movie,Certain Women,2016,2000000,1215691,-0.39,9.572,6
404791_Movie,The 101-Year-Old Man Who Skipped Out on the Bill and Disappeared,2016,10000000,994901,-0.90,9.435,6.4
412795_Movie,Maligno,2016,150000,400000,1.67,9.378,6.1
380762_Movie,Trivisa,2016,641000,1180360,0.84,9.329,7.078
396616_Movie,The King's Choice,2016,7500000,9100000,0.21,9.174,6.9
284564_Movie,31,2016,1500000,850419,-0.43,9.063,5.442
297806_Movie,I Saw the Light,2016,13000000,1646788,-0.87,8.972,6.3
374458_Movie,Graduation,2016,2000000,2015002,0.01,8.916,6.8
415214_Movie,Operation Mekong,2016,30200000,173000000,4.73,8.902,6.982
337154_Movie,The Meddler,2016,3200000,4267218,0.33,8.861,6
377587_Movie,Meet the Blacks,2016,900000,9097072,9.11,8.377,4.7
376869_Movie,Neerja,2016,2900000,17618280,5.08,8.128,7.3
325346_Movie,The Hollars,2016,3800000,1016985,-0.73,8.084,6.3
333386_Movie,The Duel,2016,10000000,20672,-1.00,8.032,5.372
337844_Movie,In Dubious Battle,2016,10000000,213982,-0.98,7.876,5.9
375108_Movie,Mafia: Survival Game,2016,2570000,4026795,0.57,7.744,4.4
383807_Movie,Heal the Living,2016,10000000,2225770,-0.78,7.724,6.5
393562_Movie,Raman Raghav 2.0,2016,521873,1013926,0.94,7.663,7
374465_Movie,Things to Come,2016,2100000,282382,-0.87,7.602,6.5
364615_Movie,Toro,2016,4000000,1903083,-0.52,7.332,6
405924_Movie,Janatha Garage,2016,7000000,21000000,2.00,7.296,7.3
383367_Movie,Sairat,2016,600000,16500000,26.50,7.288,7.5
375290_Movie,Airlift,2016,4500000,32000000,6.11,7.258,7.1
401252_Movie,The Queen of Spain,2016,11800000,1236731,-0.90,7.184,5.1
356270_Movie,The Broken Crown,2016,869115,1018486,0.17,7.075,6.6
332794_Movie,The Odyssey,2016,20000000,9722918,-0.51,7.043,6.7
395452_Movie,In the Forests of Siberia,2016,3500000,1492523,-0.57,7.038,6.9
402672_Movie,Mohenjo Daro,2016,17000000,16000000,-0.06,6.925,6.2
392572_Movie,Rustom,2016,6114349,26309214,3.30,6.846,6.7
437941_Movie,The Bolshoi,2016,6411831,4029886,-0.37,6.798,6.5
377213_Movie,Te3n,2016,5069632,4817642,-0.05,6.765,6.9
377273_Movie,Aquarius,2016,762241,285930,-0.62,6.675,7.5
375868_Movie,A Stroke of Luck,2016,3500000,12304617,2.52,6.584,5
366080_Movie,Kabali,2016,18700000,74000000,2.96,6.465,6
354912_Movie,Coco,2017,175000000,807816196,3.62,131.976,8.2
335984_Movie,Blade Runner 2049,2017,150000000,259239658,0.73,126.418,7.573
126889_Movie,Alien: Covenant,2017,97000000,240891763,1.48,116.873,6.2
181808_Movie,Star Wars: The Last Jedi,2017,200000000,1332698830,5.66,110.867,6.783
321612_Movie,Beauty and the Beast,2017,160000000,1266115964,6.91,109.3,7
141052_Movie,Justice League,2017,300000000,661326987,1.20,104.189,6.076
315635_Movie,Spider-Man: Homecoming,2017,175000000,880166924,4.03,95.686,7.3
166426_Movie,Pirates of the Caribbean: Dead Men Tell No Tales,2017,230000000,795922298,2.46,90.208,6.652
260514_Movie,Cars 3,2017,175000000,383925276,1.19,87.929,6.8
284053_Movie,Thor: Ragnarok,2017,180000000,855301806,3.75,84.247,7.6
283995_Movie,Guardians of the Galaxy Vol. 2,2017,200000000,863756051,3.32,79.993,7.6
396422_Movie,Annabelle: Creation,2017,15000000,306592201,19.44,76.413,6.593
381288_Movie,Split,2017,9000000,278454358,29.94,74.27,7.3
353491_Movie,The Dark Tower,2017,60000000,113231078,0.89,74.008,5.76
337339_Movie,The Fate of the Furious,2017,250000000,1236000000,3.94,72.136,6.9
324552_Movie,John Wick: Chapter 2,2017,40000000,171539887,3.29,69.937,7.332
341174_Movie,Fifty Shades Darker,2017,55000000,381545846,5.94,68.693,6.5
346364_Movie,It,2017,35000000,703000000,19.09,68.356,7.24
335988_Movie,Transformers: The Last Knight,2017,217000000,605425157,1.79,68.335,6
398818_Movie,Call Me by Your Name,2017,3500000,43143046,11.33,65.839,8.121
419430_Movie,Get Out,2017,4500000,255407969,55.76,65.597,7.6
339846_Movie,Baywatch,2017,69000000,177900000,1.58,61.416,6.1
339403_Movie,Baby Driver,2017,34000000,226945087,5.67,61.173,7.448
263115_Movie,Logan,2017,97000000,619021436,5.38,60.572,7.8
345938_Movie,The Shack,2017,20000000,96942115,3.85,59.306,7.488
346648_Movie,Paddington 2,2017,40000000,283692036,6.09,58.248,7.5
316029_Movie,The Greatest Showman,2017,84000000,459066134,4.47,56.747,7.9
297762_Movie,Wonder Woman,2017,149000000,823970682,4.53,54.739,7.2
353486_Movie,Jumanji: Welcome to the Jungle,2017,90000000,995339117,10.06,54.568,6.821
406990_Movie,What Happened to Monday,2017,20000000,27975429,0.40,52.731,7.2
374720_Movie,Dunkirk,2017,150000000,527000000,2.51,51.899,7.45
47971_Movie,xXx: Return of Xander Cage,2017,85000000,346118277,3.07,51.512,6.135
293167_Movie,Kong: Skull Island,2017,185000000,566652812,2.06,50.998,6.543
281338_Movie,War for the Planet of the Apes,2017,150000000,490719763,2.27,50.884,7.2
353070_Movie,Going in Style,2017,25000000,84618541,2.38,48.646,6.706
397567_Movie,Along with the Gods: The Two Worlds,2017,18300000,125983972,5.88,47.967,8.075
339964_Movie,Valerian and the City of a Thousand Planets,2017,177200000,225973340,0.28,47.957,6.627
282035_Movie,The Mummy,2017,125000000,409231607,2.27,47.712,5.513
411088_Movie,The Invisible Guest,2017,4000000,30000000,6.50,47.136,8.1
392044_Movie,Murder on the Orient Express,2017,55000000,352800000,5.41,46.968,6.7
390043_Movie,The Hitman's Bodyguard,2017,30000000,176586701,4.89,46.79,6.9
324852_Movie,Despicable Me 3,2017,80000000,1034800131,11.94,46.252,6.5
343668_Movie,Kingsman: The Golden Circle,2017,104000000,410902662,2.95,45.72,6.962
315837_Movie,Ghost in the Shell,2017,110000000,169801921,0.54,45.321,6.087
379149_Movie,The Foreigner,2017,35000000,145374099,3.15,44.719,6.969
406997_Movie,Wonder,2017,20000000,315025930,14.75,42.794,8.1
399055_Movie,The Shape of Water,2017,19500000,195300000,9.02,41.298,7.244
324849_Movie,The Lego Batman Movie,2017,80000000,311950384,2.90,40.947,7.2
274855_Movie,Geostorm,2017,120000000,221600160,0.85,39.372,6.1
433808_Movie,The Ritual,2017,1000000,1786396,0.79,39.263,6.3
479718_Movie,The Outlaws,2017,5900000,52946454,7.97,38.048,7.7
274857_Movie,King Arthur: Legend of the Sword,2017,175000000,148700000,-0.15,37.962,6.549
395992_Movie,Life,2017,58000000,100541806,0.73,37.472,6.4
400928_Movie,Gifted,2017,7000000,40300000,4.76,36.749,8
364689_Movie,Ferdinand,2017,111000000,295038508,1.66,36.179,7.2
268531_Movie,Captain Underpants: The First Epic Movie,2017,38000000,125427681,2.30,35.776,6.2
381289_Movie,A Dog's Purpose,2017,22000000,205000000,8.32,35.174,7.634
415842_Movie,American Assassin,2017,33000000,67200000,1.04,34.797,6.4
399366_Movie,Marrowbone,2017,8000000,12294931,0.54,34.559,7.267
391713_Movie,Lady Bird,2017,10000000,79000000,6.90,34.218,7.258
55341_Movie,Jeepers Creepers 3,2017,6200000,4017852,-0.35,33.999,4.895
340837_Movie,A Cure for Wellness,2017,40000000,26620002,-0.33,33.976,6.3
341013_Movie,Atomic Blonde,2017,30000000,100014025,2.33,33.97,6.4
378236_Movie,The Emoji Movie,2017,50000000,216909830,3.34,32.399,5.4
393345_Movie,Cult of Chucky,2017,6500000,2332018,-0.64,32.243,5.819
395834_Movie,Wind River,2017,11000000,44998252,3.09,31.75,7.434
395991_Movie,Only the Brave,2017,38000000,25754775,-0.32,31.719,7.4
399404_Movie,Darkest Hour,2017,30000000,150847207,4.03,31.556,7.351
305470_Movie,Power Rangers,2017,105000000,142300000,0.36,31.192,6.3
419680_Movie,Daddy's Home 2,2017,69000000,180613180,1.62,31.063,6.3
137116_Movie,Smurfs: The Lost Village,2017,60000000,197183546,2.29,28.792,6.3
298250_Movie,Jigsaw,2017,10000000,104223315,9.42,28.506,6.2
394117_Movie,The Florida Project,2017,2000000,11303040,4.65,28.395,7.423
399057_Movie,The Killing of a Sacred Deer,2017,3000000,10700000,2.57,28.339,7.022
274862_Movie,The Lego Ninjago Movie,2017,70000000,123081555,0.76,28.23,6.494
359940_Movie,"Three Billboards Outside Ebbing, Missouri",2017,15000000,162729321,9.85,28.134,8.068
14564_Movie,Rings,2017,25000000,83080890,2.32,27.74,5
381283_Movie,mother!,2017,30000000,44516999,0.48,27.545,7
337170_Movie,American Made,2017,50000000,133511855,1.67,27.09,6.882
405775_Movie,The Wall,2017,3000000,4500000,0.50,26.98,6.376
293768_Movie,Kidnap,2017,21000000,30718107,0.46,26.736,6.213
417678_Movie,"Everything, Everything",2017,10000000,61621140,5.16,26.194,7.2
314095_Movie,The Lost City of Z,2017,30000000,8574339,-0.71,25.897,6.402
390051_Movie,Aftermath,2017,10500000,840809,-0.92,25.604,5.7
301337_Movie,Downsizing,2017,68000000,55003890,-0.19,24.682,5.4
290512_Movie,The Mountain Between Us,2017,35000000,62832209,0.80,24.672,6.7
400617_Movie,Phantom Thread,2017,35000000,47756590,0.36,24.368,7.3
446354_Movie,The Post,2017,50000000,179769467,2.60,23.767,7
398181_Movie,You Were Never Really Here,2017,17000000,9400000,-0.45,23.621,6.549
384680_Movie,Hostiles,2017,55000000,36976336,-0.33,23.6,6.9
437109_Movie,The Villainess,2017,125000,8737458,68.90,23.588,6.9
396371_Movie,Molly's Game,2017,30000000,59284015,0.98,23.573,7.1
353616_Movie,Pitch Perfect 3,2017,45000000,185400345,3.12,23.39,6.5
452773_Movie,"Tad, the Lost Explorer, and the Secret of King Midas",2017,10778400,34156960,2.17,23.333,6.7
440021_Movie,Happy Death Day,2017,4800000,125479266,25.14,23.292,6.7
389015_Movie,"I, Tonya",2017,11000000,53900000,3.90,23.268,7.5
397422_Movie,Rough Night,2017,20000000,45056771,1.25,23.236,5.7
418078_Movie,It Comes at Night,2017,5000000,19280931,2.86,22.725,5.854
339259_Movie,The Man with the Iron Heart,2017,32679734,4412639,-0.86,22.583,6.553
431530_Movie,A Bad Moms Christmas,2017,28000000,130560428,3.66,22.124,6.3
335360_Movie,My Little Pony: The Movie,2017,6000000,61294644,9.22,22.107,7.2
428449_Movie,A Ghost Story,2017,100000,1929659,18.30,22.044,7.106
350312_Movie,Bāhubali 2: The Conclusion,2017,31000000,280700000,8.05,21.742,7.4
462883_Movie,Woody Woodpecker,2017,10000000,15316635,0.53,21.574,6.6
417644_Movie,CHiPS,2017,25000000,26800152,0.07,21.529,6.1
399170_Movie,Logan Lucky,2017,29000000,48453605,0.67,21.44,6.727
335777_Movie,The Nut Job 2: Nutty by Nature,2017,40000000,65100000,0.63,21.006,5.971
417830_Movie,Diary of a Wimpy Kid: The Long Haul,2017,22000000,40120144,0.82,20.581,5.3
401513_Movie,Attraction,2017,5027266,19454845,2.87,20.544,6.7
203835_Movie,Amityville: The Awakening,2017,12000000,8481997,-0.29,20.517,5.3
395458_Movie,Suburbicon,2017,25000000,12751667,-0.49,20.482,5.9
417870_Movie,Girls Trip,2017,19000000,140376621,6.39,20.462,6.8
420622_Movie,Professor Marston and the Wonder Women,2017,7000000,1600000,-0.77,20.204,7.173
403119_Movie,47 Meters Down,2017,5500000,62198461,10.31,20.037,5.8
180863_Movie,T2 Trainspotting,2017,18000000,41681746,1.32,19.957,6.9
440597_Movie,Wish Upon,2017,12000000,14300000,0.19,19.614,5.7
399019_Movie,The Beguiled,2017,10500000,27869129,1.65,19.49,5.9
430231_Movie,The Endless,2017,1000000,956425,-0.04,19.449,6.3
435800_Movie,Journey to the West: The Demons Strike Back,2017,63900000,248805149,2.89,19.346,5.776
402897_Movie,The Death of Stalin,2017,13000000,24600000,0.89,19.249,7.003
472454_Movie,Ayla: The Daughter of War,2017,4200000,21107423,4.03,19.025,8
372343_Movie,The Snowman,2017,35000000,43203413,0.23,18.41,5.2
382597_Movie,R.A.I.D. Special Unit,2017,32400000,34598750,0.07,18.318,5.723
365942_Movie,The Space Between Us,2017,30000000,14793385,-0.51,18.272,7.1
416477_Movie,The Big Sick,2017,5000000,56303596,10.26,18.22,7.3
445954_Movie,Acts of Vengeance,2017,10000000,320705,-0.97,18.082,5.9
339988_Movie,The Circle,2017,18000000,40651864,1.26,17.98,5.5
429733_Movie,Mayhem,2017,2500000,17366,-0.99,17.439,6.4
462677_Movie,Doraemon: Nobita's Great Adventure in the Antarctic Kachi Kochi,2017,8000000,61153455,6.64,17.336,6.5
335788_Movie,Renegades,2017,66190000,2602149,-0.96,17.197,5.6
402529_Movie,All Eyez on Me,2017,40000000,44922302,0.12,17.176,6.7
437068_Movie,A Taxi Driver,2017,12820005,81927980,5.39,16.923,8.1
354556_Movie,Guardians,2017,5400000,9765483,0.81,16.813,5
324542_Movie,Sleepless,2017,30000000,32540674,0.08,16.546,5.9
369192_Movie,Battle of the Sexes,2017,25000000,12638526,-0.49,16.523,6.8
471968_Movie,The Last Warrior,2017,8250000,30060061,2.64,16.413,6.9
452557_Movie,Wolf Warrior 2,2017,29700000,870322670,28.30,16.386,6.5
400710_Movie,Flatliners,2017,19000000,45158254,1.38,16.283,5.655
513434_Movie,One Cut of the Dead,2017,52406,27590180,525.47,16.168,7.629
257785_Movie,Tulip Fever,2017,25000000,9204549,-0.63,16.159,6.5
292280_Movie,The Bye Bye Man,2017,7400000,26700000,2.61,16.136,5.2
455714_Movie,Bad Genius,2017,1839169,42350000,22.03,16.114,7.892
446791_Movie,All the Money in the World,2017,50000000,56996304,0.14,15.995,6.473
435577_Movie,The 12th Man,2017,7806306,9567121,0.23,15.845,7.1
415381_Movie,Furious,2017,5610000,10657499,0.90,15.69,6.1
334521_Movie,Free Fire,2017,7000000,3719383,-0.47,15.528,6.3
373569_Movie,Snatched,2017,42000000,60800000,0.45,15.458,5.3
339877_Movie,Loving Vincent,2017,5500000,42187665,6.67,15.457,7.995
413644_Movie,The Son of Bigfoot,2017,30000000,46372519,0.55,15.449,6.5
397837_Movie,Before I Fall,2017,5000000,16373843,2.27,15.437,7
408266_Movie,Birth of the Dragon,2017,31000000,7125027,-0.77,15.161,5.7
383785_Movie,Kung Fu Yoga,2017,65000000,254212245,2.91,15.127,5.9
450322_Movie,The Man Who Invented Christmas,2017,17000000,8100000,-0.52,15.107,6.8
467012_Movie,Satan's Slaves,2017,147983,3888635,25.28,14.957,6.6
424998_Movie,The Case for Christ,2017,3000000,18200000,5.07,14.859,6.8
453354_Movie,Ava,2017,3000000,500000,-0.83,14.85,6.3
354861_Movie,Father Figures,2017,25000000,25601244,0.02,14.806,5.8
347629_Movie,Thank You for Your Service,2017,20000000,9995692,-0.50,14.775,6.5
398924_Movie,A Bag of Marbles,2017,21400000,10898998,-0.49,14.762,7.8
408648_Movie,Batman and Harley Quinn,2017,3500000,39091,-0.99,14.579,6.1
289222_Movie,The Zookeeper's Wife,2017,20000000,26152835,0.31,14.455,7.3
397538_Movie,Borg vs McEnroe,2017,7500000,16657800,1.22,14.348,6.9
416186_Movie,Godard Mon Amour,2017,12840746,82264,-0.99,14.186,6.6
295693_Movie,The Boss Baby,2017,125000000,527965936,3.22,14.148,6.446
345922_Movie,Fist Fight,2017,22000000,41087017,0.87,14.128,6.1
427900_Movie,Home Again,2017,12000000,27020284,1.25,14.047,6.1
413362_Movie,"Roman J. Israel, Esq.",2017,22000000,13025860,-0.41,14.024,6.3
425336_Movie,Loving Pablo,2017,4667008,17535962,2.76,14.001,6.3
418437_Movie,Unforgettable,2017,12000000,17800000,0.48,13.777,5.891
336000_Movie,The Glass Castle,2017,9000000,22088533,1.45,13.626,7.1
414453_Movie,Columbus,2017,700000,1015744,0.45,13.587,7.1
436391_Movie,The Battleship Island,2017,21000000,46183383,1.20,13.538,7.1
404733_Movie,Overdrive,2017,28210303,11247280,-0.60,13.48,6.1
401898_Movie,Thelma,2017,5700000,1500000,-0.74,13.467,6.8
434119_Movie,Confidential Assignment,2017,8520000,56100000,5.58,13.448,6.84
435901_Movie,About Love,2017,2000000,182710,-0.91,13.415,5.5
461714_Movie,China Salesman,2017,15119234,1637776,-0.89,13.273,5.5
313943_Movie,Revolt,2017,4000000,24416,-0.99,13.113,5.5
430474_Movie,Deep,2017,6000000,10972300,0.83,13.054,6
316154_Movie,The Bad Batch,2017,6000000,180851,-0.97,13.044,5.3
371638_Movie,The Disaster Artist,2017,10000000,29820616,1.98,13.041,7.109
301355_Movie,Message from the King,2017,10000000,315132,-0.97,12.905,6.3
451955_Movie,Double Lover,2017,7110000,4248574,-0.40,12.675,6.1
455551_Movie,The Recall,2017,5000000,1319566,-0.74,12.627,4.6
383709_Movie,Wonderstruck,2017,7000000,1947099,-0.72,12.556,6
407448_Movie,Detroit,2017,34000000,23400000,-0.31,12.467,7.275
459202_Movie,Boo 2! A Madea Halloween,2017,25000000,48333932,0.93,12.442,5.7
395993_Movie,Stronger,2017,30000000,8484418,-0.72,12.439,7
420648_Movie,The Bar,2017,6045750,3662671,-0.39,12.317,6.3
315064_Movie,Animal Crackers,2017,17000000,13285512,-0.22,12.187,6.216
430424_Movie,See You Up There,2017,23000000,15100000,-0.34,12.163,7.8
453191_Movie,The Big Bad Fox and Other Tales,2017,3000000,19030780,5.34,12.095,7.7
330947_Movie,Song to Song,2017,10000000,1710528,-0.83,12.088,5.5
398177_Movie,Just Getting Started,2017,22000000,6069605,-0.72,11.922,4.9
441909_Movie,Tiger Zinda Hai,2017,20000000,87530000,3.38,11.816,6.1
432602_Movie,An Inconvenient Sequel: Truth to Power,2017,1000000,5398976,4.40,11.792,6.6
398174_Movie,Film Stars Don't Die in Liverpool,2017,10000000,3179847,-0.68,11.69,6.4
413765_Movie,David Lynch: The Art Life,2017,179554,311470,0.73,11.617,6.9
438740_Movie,Salyut-7,2017,15000000,13767037,-0.08,11.605,7.1
440642_Movie,The Spacewalker,2017,7075038,9868942,0.39,11.589,7
444539_Movie,The Bookshop,2017,5400000,12055868,1.23,11.55,6.488
423899_Movie,Victoria & Abdul,2017,22000000,65400000,1.97,11.501,6.9
432068_Movie,C'est la vie!,2017,17200000,23800000,0.38,11.323,7
437103_Movie,1987: When the Day Comes,2017,12308000,49380115,3.01,11.322,8.101
456570_Movie,Hindi Medium,2017,3213790,52390000,15.30,11.259,7.3
456048_Movie,The Humanity Bureau,2017,6000000,17544173,1.92,11.156,4.8
412678_Movie,Killing Salazar,2017,7000000,37766,-0.99,11.088,5
397852_Movie,Rendel,2017,1686858,1891907,0.12,11.085,5.53
426338_Movie,Holy Camp!,2017,3144622,2963886,-0.06,11.014,6.8
392982_Movie,Marshall,2017,12000000,10051659,-0.16,10.951,7.2
345923_Movie,All I See Is You,2017,30000000,646946,-0.98,10.884,5.2
382614_Movie,The Book of Henry,2017,10000000,4596705,-0.54,10.705,7.5
345914_Movie,The House,2017,40000000,34200000,-0.15,10.702,5.6
353569_Movie,Table 19,2017,5000000,5042014,0.01,10.701,5.9
448779_Movie,The Jungle Bunch,2017,7300000,12400000,0.70,10.598,6.3
455558_Movie,9/11,2017,5500000,200229,-0.96,10.398,5.1
428495_Movie,The Nile Hilton Incident,2017,4250000,81089,-0.98,10.254,6.6
398929_Movie,Alibi.com,2017,7546570,29370592,2.89,10.181,6.473
429189_Movie,Wonder Wheel,2017,25000000,15366466,-0.39,10.08,6.4
451945_Movie,BPM (Beats per Minute),2017,6600000,7632420,0.16,10.043,7.707
433356_Movie,The Ottoman Lieutenant,2017,40000000,413844,-0.99,9.974,6.1
411019_Movie,I Am Not Your Negro,2017,1000000,7123919,6.12,9.775,7.727
405204_Movie,Tom of Finland,2017,4200000,1792414,-0.57,9.696,6.7
440777_Movie,Female Fight Squad,2017,2000000,22253,-0.99,9.587,6.3
480881_Movie,Let There Be Light,2017,3000000,7240000,1.41,9.546,5.6
425942_Movie,Black Snow,2017,4000000,1440000,-0.64,9.501,6.1
340101_Movie,Their Finest,2017,11795877,3603484,-0.69,9.211,6.7
400728_Movie,Unknown Soldier,2017,8000000,15550000,0.94,9.052,7.5
456565_Movie,Judwaa 2,2017,10000000,34500000,2.45,8.905,5.4
441906_Movie,Jab Harry Met Sejal,2017,16600000,15360368,-0.07,8.596,6.5
441889_Movie,Secret Superstar,2017,286284,137416709,479.00,8.439,7.3
398947_Movie,Little Spirou,2017,9850941,3503943,-0.64,8.379,5.2
447076_Movie,Adrift,2017,535220,199509,-0.63,8.354,4.2
443319_Movie,Phoenix Forgotten,2017,2800000,3600000,0.29,8.321,6
431017_Movie,Let the Sunshine In,2017,2978000,4192590,0.41,8.048,5.2
333384_Movie,Lowriders,2017,916000,6179955,5.75,8.007,6.7
426030_Movie,Finding Your Feet,2017,7154497,15500000,1.17,7.974,7.1
426230_Movie,Band Aid,2017,10000000,248370,-0.98,7.958,6.4
403390_Movie,Bitter Harvest,2017,20000000,557241,-0.97,7.851,6
483165_Movie,The Fixies: Top Secret,2017,6000000,8220990,0.37,7.815,6.9
436830_Movie,Gold,2017,7130000,1528185,-0.79,7.814,5.6
434245_Movie,The Stronghold,2017,2000000,2745966,0.37,7.73,7.2
462115_Movie,Dead Trigger,2017,10000000,151493,-0.98,7.649,3.7
437583_Movie,November,2017,1550000,19084,-0.99,7.553,7.1
271404_Movie,Beyond Skyline,2017,14000000,992181,-0.93,7.495,5.281
473234_Movie,Arjun Reddy,2017,780000,8000000,9.26,7.49,7.2
449927_Movie,Chasing the Dragon,2017,200000000,87965942,-0.56,7.488,6.9
467106_Movie,Bareilly Ki Barfi,2017,2740700,8050806,1.94,7.261,6.8
468284_Movie,The Insult,2017,3000000,1001305,-0.67,7.133,7.5
442405_Movie,The Ghazi Attack,2017,1900000,4300000,1.26,7.028,7
464458_Movie,Ittefaq,2017,4400000,7900000,0.80,6.974,6.9
439154_Movie,The Midwife,2017,7000000,7286136,0.04,6.929,6.1
441875_Movie,Toilet: A Love Story,2017,3700000,13800000,2.73,6.811,6.8
299536_Movie,Avengers: Infinity War,2018,300000000,2052415039,5.84,285.584,8.2
335983_Movie,Venom,2018,116000000,856085151,6.38,129.051,6.829
324857_Movie,Spider-Man: Into the Spider-Verse,2018,90000000,384298736,3.27,127.259,8.397
337167_Movie,Fifty Shades Freed,2018,55000000,371985018,5.76,113.653,6.7
351286_Movie,Jurassic World: Fallen Kingdom,2018,170000000,1310466296,6.71,112.467,6.54
333339_Movie,Ready Player One,2018,175000000,607274134,2.47,110.481,7.591
284054_Movie,Black Panther,2018,200000000,1349926083,5.75,95.547,7.375
449443_Movie,Den of Thieves,2018,30000000,80509622,1.68,94.664,6.833
493922_Movie,Hereditary,2018,10000000,87825916,7.78,85.093,7.292
447332_Movie,A Quiet Place,2018,17000000,340955294,19.06,77.204,7.399
353081_Movie,Mission: Impossible - Fallout,2018,178000000,791658205,3.45,74.575,7.429
345940_Movie,The Meg,2018,150000000,530517320,2.54,73.245,6.251
400535_Movie,Sicario: Day of the Soldado,2018,35000000,75836683,1.17,73.065,6.9
360920_Movie,The Grinch,2018,75000000,508600000,5.78,72.944,6.9
490132_Movie,Green Book,2018,23000000,321752656,12.99,72.737,8.236
439079_Movie,The Nun,2018,22000000,366082797,15.64,72.536,5.892
383498_Movie,Deadpool 2,2018,110000000,785896632,6.14,70.984,7.489
480530_Movie,Creed II,2018,50000000,214200000,3.28,70.011,7
260513_Movie,Incredibles 2,2018,200000000,1242805359,5.21,64.538,7.5
420634_Movie,Terrifier,2018,35000,421798,11.05,64.31,6.354
336843_Movie,Maze Runner: The Death Cure,2018,62000000,288175335,3.65,62.64,7.094
345887_Movie,The Equalizer 2,2018,62000000,190400157,2.07,60.65,6.768
500664_Movie,Upgrade,2018,5000000,16706680,2.34,55.337,7.5
404368_Movie,Ralph Breaks the Internet,2018,175000000,529323962,2.02,52.007,7.171
300668_Movie,Annihilation,2018,40000000,43070915,0.08,51.77,6.4
427641_Movie,Rampage,2018,120000000,428028233,2.57,51.011,6.5
400155_Movie,Hotel Transylvania 3: Summer Vacation,2018,80000000,528600000,5.61,48.432,6.9
268896_Movie,Pacific Rim: Uprising,2018,150000000,290061297,0.93,48.283,6.1
518068_Movie,Along with the Gods: The Last 49 Days,2018,18300000,112790210,5.16,46.532,8.078
348350_Movie,Solo: A Star Wars Story,2018,250000000,392952373,0.57,46.466,6.6
424694_Movie,Bohemian Rhapsody,2018,52000000,918355943,16.66,46.096,7.979
338970_Movie,Tomb Raider,2018,94000000,274650803,1.92,45.405,6.4
346910_Movie,The Predator,2018,88000000,160542134,0.82,44.408,5.6
297802_Movie,Aquaman,2018,160000000,1152028393,6.20,43.756,6.878
530254_Movie,The Witch: Part 1. The Subversion,2018,5500000,24340302,3.43,43.617,7.859
505262_Movie,My Hero Academia: Two Heroes,2018,12000000,27507549,1.29,43.316,7.9
442249_Movie,The First Purge,2018,13000000,137056262,9.54,42.962,6
402900_Movie,Ocean's Eight,2018,70000000,297718711,3.25,42.362,7
347375_Movie,Mile 22,2018,35000000,66308758,0.89,40.828,6.2
424783_Movie,Bumblebee,2018,135000000,467989645,2.47,40.721,6.7
363088_Movie,Ant-Man and the Wasp,2018,140000000,622674139,3.45,40.044,6.9
438799_Movie,Overlord,2018,38000000,41657844,0.10,39.462,6.7
406563_Movie,Insidious: The Last Key,2018,10000000,172811971,16.28,38.525,6.3
332562_Movie,A Star Is Born,2018,36000000,436388866,11.12,37.741,7.5
429351_Movie,12 Strong,2018,35000000,67450815,0.93,36.226,6.334
428078_Movie,Mortal Engines,2018,100000000,83869818,-0.16,35.727,6.216
401981_Movie,Red Sparrow,2018,69000000,151572634,1.20,34.195,6.5
455207_Movie,Crazy Rich Asians,2018,30000000,238539198,6.95,32.817,7.1
451915_Movie,Beautiful Boy,2018,25000000,7700000,-0.69,32.49,7.6
419743_Movie,Disobedience,2018,6000000,8000000,0.33,32.36,6.9
440471_Movie,Escape Plan 2: Hades,2018,20000000,17592626,-0.12,32.033,5.154
381719_Movie,Peter Rabbit,2018,50000000,351266433,6.03,30.979,6.7
424139_Movie,Halloween,2018,10000000,259939869,24.99,30.544,6.6
467938_Movie,Revenge,2018,2900000,938055,-0.68,30.114,6.5
445651_Movie,The Darkest Minds,2018,34000000,41142379,0.21,29.639,7
399402_Movie,Hunter Killer,2018,40000000,31672678,-0.21,29.506,6.895
454619_Movie,Overboard,2018,12000000,91244913,6.60,28.988,6.6
463272_Movie,Johnny English Strikes Again,2018,25000000,158972570,5.36,28.955,6.3
338952_Movie,Fantastic Beasts: The Crimes of Grindelwald,2018,200000000,654900000,2.27,28.804,6.8
459910_Movie,Braven,2018,5000000,854319,-0.83,27.999,6.2
361292_Movie,Suspiria,2018,20000000,7900000,-0.61,27.505,6.905
426543_Movie,The Nutcracker and the Four Realms,2018,120000000,173961069,0.45,27.177,6.1
460019_Movie,Truth or Dare,2018,3500000,95330493,26.24,26.81,5.9
458423_Movie,Mamma Mia! Here We Go Again,2018,75000000,395607854,4.27,26.198,7.095
369972_Movie,First Man,2018,70000000,105713218,0.51,26.066,7
399174_Movie,Isle of Dogs,2018,62770198,64337744,0.02,26.061,7.8
504172_Movie,The Mule,2018,50000000,174800000,2.50,25.928,6.854
454992_Movie,The Spy Who Dumped Me,2018,40000000,33562069,-0.16,25.917,6.399
567604_Movie,Once Upon a Deadpool,2018,110000000,51349833,-0.53,25.881,7.09
447200_Movie,Skyscraper,2018,125000000,292400000,1.34,25.822,6.319
491418_Movie,Instant Family,2018,48000000,121000000,1.52,25.62,7.516
417261_Movie,Forever My Girl,2018,3500000,16367326,3.68,25.274,7.6
442062_Movie,Goosebumps 2: Haunted Halloween,2018,35000000,93320380,1.67,25.159,6.1
463821_Movie,The House with a Clock in Its Walls,2018,42000000,131523093,2.13,24.948,6.2
424781_Movie,Sorry to Bother You,2018,3200000,18200000,4.69,24.839,6.8
445571_Movie,Game Night,2018,37000000,117501013,2.18,24.575,6.9
455980_Movie,Tag,2018,28000000,75100000,1.68,24.565,6.7
460555_Movie,Operation Red Sea,2018,70000000,579200000,7.27,24.56,7.373
399360_Movie,Alpha,2018,51000000,99630675,0.95,24.494,6.522
399035_Movie,The Commuter,2018,30000000,119942387,3.00,24.489,6.365
484247_Movie,A Simple Favor,2018,20000000,97644617,3.88,24.214,6.6
438808_Movie,White Boy Rick,2018,29000000,26000000,-0.10,24.038,6.3
505058_Movie,Unfriended: Dark Web,2018,1000000,16000000,15.00,23.727,6.3
446021_Movie,Bad Times at the El Royale,2018,32000000,31882724,0.00,23.577,6.842
419478_Movie,Midnight Sun,2018,2800000,27365467,8.77,23.574,7.8
507076_Movie,Climax,2018,2900000,1700000,-0.41,23.406,7.1
474335_Movie,Uncle Drew,2018,19000000,17700000,-0.07,23.343,6.7
375262_Movie,The Favourite,2018,15000000,95918706,5.39,23.209,7.5
449176_Movie,"Love, Simon",2018,17000000,66316289,2.90,23.134,7.997
398173_Movie,The House That Jack Built,2018,9800000,5566776,-0.43,23.001,7.1
491584_Movie,Burning,2018,7280000,6591038,-0.09,22.606,7.4
460885_Movie,Mandy,2018,6000000,1653784,-0.72,22.294,6.2
300681_Movie,Replicas,2018,30000000,8100000,-0.73,22.102,6.032
513691_Movie,The Debt Collector,2018,3000000,28645,-0.99,21.899,5.8
474395_Movie,Teen Titans Go! To the Movies,2018,10000000,52390236,4.24,21.735,7.2
470044_Movie,The Hate U Give,2018,23000000,34934009,0.52,21.236,8.1
458594_Movie,Peppermint,2018,25000000,53918723,1.16,21.094,6.7
430040_Movie,The Hurricane Heist,2018,35000000,32517248,-0.07,21.06,5.7
412988_Movie,The Happytime Murders,2018,40000000,27500000,-0.31,20.709,5.8
495193_Movie,Benji,2018,6000000,585333,-0.90,20.676,6.9
440161_Movie,The Sisters Brothers,2018,38000000,13143056,-0.65,20.643,6.8
395990_Movie,Death Wish,2018,30000000,34017028,0.13,20.492,6.2
446894_Movie,Smallfoot,2018,80000000,214115531,1.68,20.191,6.787
400650_Movie,Mary Poppins Returns,2018,130000000,348807090,1.68,20.162,6.5
474392_Movie,Samson,2018,3500000,4900000,0.40,19.904,5.8
434555_Movie,The Possession of Hannah Grace,2018,9500000,43000000,3.53,19.781,5.601
371608_Movie,The Strangers: Prey at Night,2018,12500000,31039126,1.48,19.748,5.7
375588_Movie,Robin Hood,2018,100000000,86493046,-0.14,19.547,5.9
220882_Movie,London Fields,2018,8000000,487420,-0.94,19.461,5.1
407439_Movie,Mary Magdalene,2018,20000000,11710110,-0.41,19.356,6.3
470229_Movie,Summer of 84,2018,1500000,42027,-0.97,19.185,6.9
370567_Movie,Sherlock Gnomes,2018,59000000,90497778,0.53,19.029,5.7
506680_Movie,Unbroken: Path to Redemption,2018,6000000,6200000,0.03,19.015,6.6
437586_Movie,mid90s,2018,1700000,9303022,4.47,18.952,7.493
429300_Movie,Adrift,2018,35000000,59945012,0.71,18.84,6.8
416234_Movie,Winchester,2018,3500000,44019588,11.58,18.742,5.889
460668_Movie,I Feel Pretty,2018,32000000,94539426,1.95,18.627,6.4
498248_Movie,Mia and the White Lion,2018,9600000,35487190,2.70,18.602,7.3
517814_Movie,Capernaum,2018,4000000,64978931,15.24,18.439,8.157
446807_Movie,The Girl in the Spider's Web,2018,43000000,35164920,-0.18,18.406,6.1
453201_Movie,The 15:17 to Paris,2018,30000000,57076286,0.90,18.376,5.4
396806_Movie,Anon,2018,20000000,1197741,-0.94,18.364,5.971
453755_Movie,Arctic,2018,2000000,4100000,1.05,18.353,6.5
396461_Movie,Under the Silver Lake,2018,8500000,2053469,-0.76,18.237,6.373
467660_Movie,Unsane,2018,1500000,14293601,8.53,18.164,6.3
527729_Movie,Asterix: The Secret of the Magic Potion,2018,36000000,74488686,1.07,18.13,6.8
437557_Movie,Blockers,2018,21000000,94017294,3.48,18.101,6.3
470878_Movie,I Can Only Imagine,2018,7000000,86026201,11.29,18.06,7.5
534780_Movie,Andhadhun,2018,4500000,40000000,7.89,18.045,7.6
503616_Movie,Second Act,2018,16000000,72282227,3.52,18.003,6.3
376865_Movie,High Life,2018,8933400,2133033,-0.76,17.779,5.738
487558_Movie,BlacKkKlansman,2018,15000000,93411426,5.23,17.695,7.5
339380_Movie,On the Basis of Sex,2018,20000000,38755968,0.94,17.54,7.4
434355_Movie,Taxi 5,2018,24625000,64497208,1.62,17.435,5.4
420814_Movie,Christopher Robin,2018,75000000,99138899,0.32,17.341,7.302
489999_Movie,Searching,2018,1000000,75462037,74.46,17.34,7.6
459616_Movie,The Brand New Adventures of Aladdin,2018,18900000,19000000,0.01,17.185,4.807
439015_Movie,Slender Man,2018,10000000,11817275,0.18,17.078,4.3
535389_Movie,The Great Battle,2018,13305000,41509280,2.12,16.773,6.784
506072_Movie,Prospect,2018,4000000,22777,-0.99,16.739,6.2
399796_Movie,Life of the Party,2018,30000000,61700416,1.06,16.553,6.1
432527_Movie,Padmaavat,2018,31000000,81673897,1.63,16.538,6.9
465136_Movie,Every Day,2018,4900000,10400000,1.12,16.478,7.2
493551_Movie,Operation Finale,2018,24000000,17506878,-0.27,16.417,6.7
426426_Movie,Roma,2018,15000000,1140769,-0.92,16.379,7.6
457136_Movie,Mary Queen of Scots,2018,25000000,46712809,0.87,16.151,6.6
464502_Movie,Acrimony,2018,20000000,34800000,0.74,15.727,6.7
401469_Movie,Widows,2018,42000000,73900000,0.76,15.683,6.5
477489_Movie,Just a Breath Away,2018,13749400,2842040,-0.79,15.437,6.323
425505_Movie,Kin,2018,30000000,10023153,-0.67,15.403,6.122
454286_Movie,God's Not Dead: A Light in Darkness,2018,5700000,7414178,0.30,15.332,6.6
407451_Movie,A Wrinkle in Time,2018,103000000,132675864,0.29,15.17,5.1
406761_Movie,Hotel Artemis,2018,15000000,12371132,-0.18,15.154,6.1
476968_Movie,"Paul, Apostle of Christ",2018,5000000,25915966,4.18,14.807,7.6
489925_Movie,Eighth Grade,2018,2000000,13539709,5.77,14.78,7.2
437543_Movie,The Monkey King 3,2018,87000000,115089944,0.32,14.657,5.5
465914_Movie,If Beale Street Could Talk,2018,12000000,20572691,0.71,14.505,6.9
387592_Movie,Early Man,2018,50000000,53431158,0.07,14.455,6.1
489931_Movie,American Animals,2018,3000000,2847319,-0.05,14.36,6.7
297725_Movie,The Man Who Killed Don Quixote,2018,19116000,2433457,-0.87,14.327,6.8
444149_Movie,Hellraiser: Judgment,2018,350000,426290,0.22,14.318,5.2
429197_Movie,Vice,2018,60000000,76100000,0.27,14.308,7
458737_Movie,First Reformed,2018,3500000,3988612,0.14,14.232,7
471474_Movie,Batman: Gotham by Gaslight,2018,1000000,3469151,2.47,14.22,6.7
429476_Movie,Hell Fest,2018,5500000,18160930,2.30,13.977,5.7
339103_Movie,Gotti,2018,10000000,4343227,-0.57,13.9,5.3
505954_Movie,T-34,2018,8000000,36220872,3.53,13.811,7.2
426613_Movie,The Miseducation of Cameron Post,2018,900000,2019874,1.24,13.749,6.9
340022_Movie,Gringo,2018,10000000,11001627,0.10,13.707,5.9
418879_Movie,The Current War,2018,30000000,12217160,-0.59,13.427,6.7
454293_Movie,Night School,2018,29000000,33157615,0.14,13.287,6.143
489929_Movie,Destination Wedding,2018,7000000,2183025,-0.69,13.243,5.8
506863_Movie,Hurricane,2018,10000000,2137751,-0.79,13.224,5.9
397722_Movie,Thoroughbreds,2018,5000000,2830775,-0.43,13.128,6.4
446696_Movie,Life Itself,2018,10000000,7997774,-0.20,13.056,7.2
446101_Movie,Assassination Nation,2018,7000000,2900000,-0.59,12.936,6.3
456929_Movie,Champions,2018,4920975,20121318,3.09,12.89,7.5
351044_Movie,Welcome to Marwen,2018,39000000,13061491,-0.67,12.883,6.522
438689_Movie,Siberia,2018,2000000,2006704,0.00,12.881,4.7
354279_Movie,Charming,2018,20000000,8751856,-0.56,12.817,6.4
500475_Movie,SuperFly,2018,16000000,20545116,0.28,12.81,6.8
505513_Movie,Detective Chinatown 2,2018,63000000,544185156,7.64,12.704,6.175
514619_Movie,Nobody's Fool,2018,19000000,29200000,0.54,12.636,6.2
401545_Movie,Everybody Knows,2018,11318430,17997350,0.59,12.627,6.5
425148_Movie,Show Dogs,2018,5500000,38830219,6.06,12.616,6
485296_Movie,Redbad,2018,8155000,482806,-0.94,12.601,6.316
457915_Movie,Superlopez,2018,5200000,12496155,1.40,12.449,5.4
496328_Movie,Sanju,2018,21918618,67414985,2.08,12.398,7.2
426563_Movie,Holmes & Watson,2018,42000000,40500000,-0.04,12.199,4.3
381237_Movie,Office Uprising,2018,2500000,165623,-0.93,12.198,5.3
476764_Movie,The Front Runner,2018,25000000,3300000,-0.87,12.157,5.9
502682_Movie,Book Club,2018,10000000,78720293,6.87,12.137,6.243
440298_Movie,Cold War,2018,4954500,18754051,2.79,12.129,7.4
50022_Movie,Super Troopers 2,2018,13500000,31626386,1.34,12.068,5.865
473149_Movie,Traffik,2018,4000000,5132274,0.28,11.881,6.137
443009_Movie,"Don't Worry, He Won't Get Far on Foot",2018,3500000,4200000,0.20,11.775,6.7
429202_Movie,Vox Lux,2018,7000000,1300000,-0.81,11.626,5.8
472553_Movie,Zoo,2018,4000000,231719,-0.94,11.516,6.7
463319_Movie,Shadow,2018,44005000,91708374,1.08,11.5,6.7
442064_Movie,Proud Mary,2018,14000000,21753365,0.55,11.499,5.492
472451_Movie,Boy Erased,2018,15000000,7900000,-0.47,11.439,7
479226_Movie,The Purity of Vengeance,2018,6000000,470000,-0.92,11.243,7.2
340613_Movie,The Wife,2018,7000000,20000000,1.86,11.183,7.1
546230_Movie,Paskal,2018,2243662,6748935,2.01,11.182,7.644
417670_Movie,Loro 1,2018,21000000,4746815,-0.77,10.972,6.8
432301_Movie,Chappaquiddick,2018,34000000,17904202,-0.47,10.855,6.087
514277_Movie,Mara,2018,5000000,661769,-0.87,10.664,5.7
394741_Movie,Stan & Ollie,2018,10000000,24420923,1.44,10.616,7
391714_Movie,On Chesil Beach,2018,745971,3335913,3.47,10.498,6.2
432165_Movie,The Pagan King,2018,2400000,18598,-0.99,10.459,6.41
491629_Movie,Raazi,2018,4500000,23800000,4.29,10.437,7.2
458027_Movie,The Last Warrior,2018,2500000,1053002,-0.58,10.075,5.9
407890_Movie,Lean on Pete,2018,8000000,2400000,-0.70,9.904,6.9
414001_Movie,The Mercy,2018,18000000,4536348,-0.75,9.869,5.9
454283_Movie,Action Point,2018,19000000,5059608,-0.73,9.773,5.4
492452_Movie,Ben Is Back,2018,13000000,12616995,-0.03,9.707,6.6
497814_Movie,Breaking In,2018,6000000,49078000,7.18,9.638,6
396321_Movie,Puppet Master: The Littlest Reich,2018,2500000,780846,-0.69,9.516,5.6
457435_Movie,Return of the Hero,2018,10800000,7362730,-0.32,9.182,6.259
541660_Movie,Loro,2018,21000000,1681525,-0.92,9.174,6.689
533991_Movie,Stree,2018,1700000,22000000,11.94,9.155,6.9
433694_Movie,Sgt. Stubby: An American Hero,2018,25000000,4900000,-0.80,9.108,7.8
470333_Movie,Hearts Beat Loud,2018,2000000,2115765,0.06,9.037,7
517331_Movie,The Realm,2018,4552700,1932261,-0.58,8.828,7.103
472138_Movie,Thugs of Hindostan,2018,31000000,3136000,-0.90,8.781,5.4
507505_Movie,El Angel,2018,3000000,10452324,2.48,8.737,7.4
454545_Movie,"Help, I Shrunk My Parents",2018,7600000,8400000,0.11,8.645,5.244
503314_Movie,Dragon Ball Super: Broly,2018,1000000,125002821,124.00,8.602,7.9
482712_Movie,The Apparition,2018,9661157,3562793,-0.63,8.579,6.1
429203_Movie,The Old Man & the Gun,2018,15800000,11277120,-0.29,8.521,6.434
373449_Movie,2.0,2018,77000000,114629169,0.49,8.222,5.9
434358_Movie,Belle and Sebastian 3: The Last Chapter,2018,13500000,33895230,1.51,8.209,6.6
493623_Movie,Hichki,2018,2000000,25629954,11.81,8.142,7.6
518764_Movie,Animal World,2018,125000,69885700,558.09,8.127,7
477510_Movie,Dog Days,2018,10000000,6842356,-0.32,7.986,6.7
506464_Movie,The Awakener,2018,3500000,2000000,-0.43,7.967,6.3
544627_Movie,Dark Figure of Crime,2018,7120949,29433930,3.13,7.839,6.732
378107_Movie,Another Day of Life,2018,5000000,134801,-0.97,7.713,7.453
387836_Movie,Martians vs Mexicans,2018,900000,1180000,0.31,7.562,7.944
447856_Movie,Pad Man,2018,10000000,23000000,1.30,7.31,7.4
450766_Movie,The Forgiven,2018,15000000,42213,-1.00,7.099,6.1
459713_Movie,Mahanati,2018,4346100,11589600,1.67,6.999,7.6
420818_Movie,The Lion King,2019,260000000,1662020819,5.39,190.405,7.1
299534_Movie,Avengers: Endgame,2019,356000000,2799439100,6.86,133.255,8.2
496243_Movie,Parasite,2019,11363000,257591776,21.67,130.55,8.5
581528_Movie,"The Gangster, the Cop, the Devil",2019,6500000,25775371,2.97,127.21,7.8
615453_Movie,Ne Zha,2019,22000000,742718496,32.76,112.031,7.896
181812_Movie,Star Wars: The Rise of Skywalker,2019,416000000,1074144248,1.58,92.728,6.3
384018_Movie,Fast & Furious Presents: Hobbs & Shaw,2019,200000000,760098996,2.80,91.909,6.85
166428_Movie,How to Train Your Dragon: The Hidden World,2019,129000000,524580592,3.07,87.906,7.7
475557_Movie,Joker,2019,55000000,1078958629,18.62,83.229,8.1
429617_Movie,Spider-Man: Far From Home,2019,160000000,1131927996,6.07,83.134,7.4
537915_Movie,After,2019,14000000,69497587,3.96,81.05,7.122
458156_Movie,John Wick: Chapter 3 - Parabellum,2019,55000000,326709727,4.94,76.976,7.443
330457_Movie,Frozen II,2019,150000000,1453683476,8.69,74.461,7.2
474350_Movie,It Chapter Two,2019,79000000,473123154,4.99,72.391,6.839
522938_Movie,Rambo: Last Blood,2019,50000000,91500000,0.83,69.929,6.534
546554_Movie,Knives Out,2019,40000000,312897920,6.82,67.875,7.844
521029_Movie,Annabelle Comes Home,2019,27000000,231252591,7.56,66.754,6.401
299537_Movie,Captain Marvel,2019,152000000,1131416446,6.44,66.195,6.8
399579_Movie,Alita: Battle Angel,2019,170000000,405000000,1.38,64.962,7.238
512200_Movie,Jumanji: The Next Level,2019,125000000,801693929,5.41,64.843,6.898
290859_Movie,Terminator: Dark Fate,2019,185000000,261119292,0.41,61.09,6.4
420817_Movie,Aladdin,2019,183000000,1054300000,4.76,60.814,7.095
420809_Movie,Maleficent: Mistress of Evil,2019,185000000,491730089,1.66,60.54,7.303
530385_Movie,Midsommar,2019,9000000,48015416,4.34,60.256,7.2
466272_Movie,Once Upon a Time... in Hollywood,2019,95000000,392105159,3.13,57.722,7.4
301528_Movie,Toy Story 4,2019,175000000,1073841394,5.14,57.5,7.5
619264_Movie,The Platform,2019,1203235,1090116,-0.09,57.107,7
373571_Movie,Godzilla: King of the Monsters,2019,170000000,387300138,1.28,55.566,6.693
359724_Movie,Ford v Ferrari,2019,97600000,225508210,1.31,51.828,8
527641_Movie,Five Feet Apart,2019,7000000,92600000,12.23,49.15,8.242
479455_Movie,Men in Black: International,2019,110000000,253890701,1.31,46.828,5.909
157433_Movie,Pet Sematary,2019,21000000,113118226,4.39,45.979,5.7
567609_Movie,Ready or Not,2019,6000000,57600000,8.60,45.898,7.039
320288_Movie,Dark Phoenix,2019,200000000,252442974,0.26,44.875,5.973
287947_Movie,Shazam!,2019,80000000,367799011,3.60,44.614,7
412117_Movie,The Secret Life of Pets 2,2019,80000000,429434163,4.37,43.598,6.955
338967_Movie,Zombieland: Double Tap,2019,42000000,122800000,1.92,43.371,6.923
522681_Movie,Escape Room,2019,9000000,155712077,16.30,42.393,6.5
503919_Movie,The Lighthouse,2019,11000000,18262464,0.66,42.247,7.5
530915_Movie,1917,2019,100000000,394638258,2.95,41.902,8
398978_Movie,The Irishman,2019,159000000,968853,-0.99,41.776,7.6
480414_Movie,The Curse of La Llorona,2019,9000000,123233739,12.69,40.924,5.7
331482_Movie,Little Women,2019,40000000,216600000,4.42,40.594,7.9
447404_Movie,Pokémon Detective Pikachu,2019,150000000,449762638,2.00,40.373,6.92
454640_Movie,The Angry Birds Movie 2,2019,65000000,137792047,1.12,39.458,7.067
423204_Movie,Angel Has Fallen,2019,40000000,146661977,2.67,39.387,6.593
554596_Movie,"No manches, Frida 2: paraíso destruido",2019,5000000,26500000,4.30,39.345,7.9
450465_Movie,Glass,2019,20000000,246999039,11.35,39.123,6.7
499701_Movie,Dora and the Lost City of Gold,2019,49000000,120600000,1.46,38.96,6.6
456740_Movie,Hellboy,2019,50000000,55065289,0.10,38.678,5.6
517093_Movie,Balkan Line,2019,3500000,4944386,0.41,38.533,7.5
531428_Movie,Portrait of a Lady on Fire,2019,5740000,9923127,0.73,37.309,8.1
531309_Movie,Brightburn,2019,6000000,33224654,4.54,36.84,6.1
484641_Movie,Anna,2019,34000000,31626978,-0.07,35.696,6.7
458897_Movie,Charlie's Angels,2019,48000000,73279888,0.53,34.864,6.4
522162_Movie,Midway,2019,100000000,127400000,0.27,34.846,7.123
329996_Movie,Dumbo,2019,170000000,353284621,1.08,34.327,6.606
511987_Movie,Crawl,2019,13500000,91500000,5.78,34.256,6.324
431580_Movie,Abominable,2019,75000000,190304772,1.54,33.217,7.5
487297_Movie,What Men Want,2019,20000000,69766483,2.49,32.758,6.2
417384_Movie,Scary Stories to Tell in the Dark,2019,25000000,104545505,3.18,32.561,6.5
473033_Movie,Uncut Gems,2019,19000000,50023780,1.63,32.323,7.156
481084_Movie,The Addams Family,2019,40000000,204394183,4.11,31.832,6.61
637920_Movie,Miracle in Cell No. 7,2019,10000000,28000000,1.80,31.123,8.3
458723_Movie,Us,2019,20000000,256067149,11.80,29.67,6.964
480105_Movie,47 Meters Down: Uncaged,2019,12000000,47582563,2.97,28.94,5.7
533444_Movie,Waves,2019,6000000,2576990,-0.57,28.909,7.4
522924_Movie,The Art of Racing in the Rain,2019,18000000,33800000,0.88,28.269,8.2
522518_Movie,A Dog's Journey,2019,16000000,78871079,3.93,27.731,8.1
515001_Movie,Jojo Rabbit,2019,14000000,82468705,4.89,27.601,8
453405_Movie,Gemini Man,2019,140000000,173469516,0.24,27.456,6.282
573699_Movie,White Snake,2019,11936735,61631776,4.16,26.948,7.7
514439_Movie,Breakthrough,2019,14000000,49200000,2.51,26.829,7.6
501170_Movie,Doctor Sleep,2019,45000000,72381712,0.61,25.899,7.144
540901_Movie,Hustlers,2019,20000000,157563598,6.88,25.432,6.5
535292_Movie,21 Bridges,2019,33000000,49900000,0.51,25.408,6.8
431693_Movie,Spies in Disguise,2019,100000000,171616764,0.72,25.402,7.583
438650_Movie,Cold Pursuit,2019,60000000,76419755,0.27,25.397,5.83
428045_Movie,Iron Mask,2019,49000000,8685794,-0.82,25.224,6.1
280217_Movie,The Lego Movie 2: The Second Part,2019,99000000,199603202,1.02,25.197,6.666
508763_Movie,A Dog's Way Home,2019,18000000,17643857,-0.02,24.968,7.4
416144_Movie,Hotel Mumbai,2019,25000000,16900000,-0.32,24.859,7.548
440472_Movie,The Upside,2019,37500000,125000000,2.33,24.361,7.1
492188_Movie,Marriage Story,2019,18000000,2300000,-0.87,23.902,7.7
484468_Movie,The Wolf's Call,2019,22400000,12652790,-0.44,23.799,7.553
512196_Movie,Happy Death Day 2U,2019,9000000,64600152,6.18,23.738,6.3
504608_Movie,Rocketman,2019,40000000,167300000,3.18,23.615,7.327
599975_Movie,Countdown,2019,6500000,48021766,6.39,22.914,6.2
458305_Movie,Vivarium,2019,4000000,488000,-0.88,22.91,6.062
525661_Movie,Bombshell,2019,32000000,61404394,0.92,22.789,6.8
461130_Movie,Code 8,2019,15000000,157209,-0.99,22.298,6.3
548473_Movie,Color Out of Space,2019,6000000,1023510,-0.83,22.144,6.041
552178_Movie,Dark Waters,2019,20000000,13601384,-0.32,22.028,7.543
581387_Movie,Ashfall,2019,17700000,61321941,2.46,21.916,6.813
449562_Movie,The Hustle,2019,21000000,97400000,3.64,21.915,6.2
533642_Movie,Child's Play,2019,10000000,44902237,3.49,21.822,6
292011_Movie,Richard Jewell,2019,45000000,33900000,-0.25,21.314,7.4
480042_Movie,Escape Plan: The Extractors,2019,3600000,1766092,-0.51,21.287,5.4
500852_Movie,Miss Bala,2019,15000000,15200000,0.01,20.714,6.4
400157_Movie,Wonder Park,2019,100000000,119559110,0.20,20.622,6.5
535581_Movie,The Dead Don't Die,2019,11000000,15800000,0.44,20.617,5.4
302349_Movie,Iron Sky: The Coming Race,2019,17500000,392166,-0.98,20.562,5.128
519010_Movie,Pain and Glory,2019,10769016,37359689,2.47,20.323,7.4
621191_Movie,Blue Story,2019,1600000,5750000,2.59,20.197,7.3
466081_Movie,The Informer,2019,60000000,2927708,-0.95,20.161,6.5
468816_Movie,The Rising Hawk,2019,2900000,1560697,-0.46,20.14,5.9
521777_Movie,Good Boys,2019,20000000,111037232,4.55,20.076,6.9
486131_Movie,Shaft,2019,30000000,21360215,-0.29,20.056,6.5
454294_Movie,The Kid Who Would Be King,2019,59000000,32140970,-0.46,19.957,6.17
438674_Movie,Dragged Across Concrete,2019,15000000,660132,-0.96,19.942,6.589
605804_Movie,The Wretched,2019,66000,3758846,55.95,19.816,6.053
527776_Movie,Overcomer,2019,5000000,38026103,6.61,19.703,7.7
567646_Movie,Extreme Job,2019,8120000,124652206,14.35,19.631,7.1
549053_Movie,Last Christmas,2019,30000000,121600000,3.05,19.48,7.2
587272_Movie,Father There Is Only One,2019,3400000,15894372,3.67,19.38,7.667
522212_Movie,Just Mercy,2019,25000000,50401502,1.02,18.679,7.9
505600_Movie,Booksmart,2019,6000000,24849029,3.14,18.621,7
413518_Movie,Pinocchio,2019,12400000,17133446,0.38,18.611,6.6
502416_Movie,Ma,2019,5000000,51749995,9.35,18.575,5.8
452832_Movie,Serenity,2019,25000000,14500000,-0.42,17.843,5.4
449563_Movie,Isn't It Romantic,2019,31000000,48800000,0.57,17.833,6.2
532671_Movie,The Prodigy,2019,6000000,21200000,2.53,17.505,6.1
458253_Movie,Missing Link,2019,100000000,26565710,-0.73,17.389,7
578189_Movie,Black and Blue,2019,12000000,22741061,0.90,17.153,6.783
465086_Movie,The Grudge,2019,10000000,42800000,3.28,16.77,5.4
468224_Movie,Tolkien,2019,20000000,8654322,-0.57,16.751,7
554241_Movie,Playing with Fire,2019,29900000,69412425,1.32,16.502,6.6
429471_Movie,Captive State,2019,25000000,8808611,-0.65,16.299,5.6
454458_Movie,UglyDolls,2019,45000000,32500000,-0.28,16.12,6.612
411728_Movie,The Professor and the Madman,2019,25000000,4957273,-0.80,16.12,7.1
445629_Movie,Fighting with My Family,2019,11000000,39055536,2.55,16.106,6.9
620725_Movie,Jexi,2019,5000000,9341824,0.87,15.983,6.8
515195_Movie,Yesterday,2019,26000000,154608856,4.95,15.693,6.7
575094_Movie,Abigail,2019,7000000,1940234,-0.72,15.658,6.1
480001_Movie,The Art of Self-Defense,2019,1800000,2400000,0.33,15.592,6.6
538207_Movie,We Die Young,2019,4000000,143837,-0.96,15.57,6.793
572164_Movie,EXIT,2019,10892000,69501772,5.38,15.565,7.638
500916_Movie,Primal,2019,9000000,146863,-0.98,15.451,5.6
536869_Movie,Cats,2019,95000000,77276321,-0.19,14.995,4.1
586863_Movie,Les Misérables,2019,2500000,54606372,20.84,14.956,7.578
535845_Movie,Brian Banks,2019,10000000,4300000,-0.57,14.816,7.3
508664_Movie,Danger Close: The Battle of Long Tan,2019,23934823,2078370,-0.91,14.801,6.8
585268_Movie,War,2019,16000000,67450000,3.22,14.644,6.8
505436_Movie,Serial (Bad) Weddings 2,2019,18500000,87761988,3.74,14.583,5.9
514921_Movie,The Aeronauts,2019,40000000,3485251,-0.91,14.471,6.8
539651_Movie,Don't Let Go,2019,5000000,5300000,0.06,14.367,6.8
513045_Movie,Stuber,2019,16000000,32400000,1.03,14.186,6.631
526050_Movie,Little,2019,20000000,17399000,-0.13,14.144,6.9
501907_Movie,A Beautiful Day in the Neighborhood,2019,25000000,67900000,1.72,14.026,6.967
449924_Movie,Ip Man 4: The Finale,2019,52000000,239000000,3.60,13.869,7.3
575769_Movie,4x4,2019,3000000,1292773,-0.57,13.826,6.4
535544_Movie,Downton Abbey,2019,20000000,194694725,8.73,13.819,7.1
419704_Movie,Ad Astra,2019,87500000,127461872,0.46,13.339,6.108
542921_Movie,While at War,2019,4735684,12277353,1.59,13.244,7.1
428836_Movie,Ophelia,2019,12000000,242115,-0.98,13.094,7.1
565310_Movie,The Farewell,2019,250300,23076657,91.20,13.019,7.423
399121_Movie,An Officer and a Spy,2019,25300000,18878646,-0.25,13.005,7.1
565179_Movie,The First King,2019,8000000,2440478,-0.69,12.877,7.1
291984_Movie,The Death & Life of John F. Donovan,2019,35000000,3326364,-0.90,12.815,6.9
536743_Movie,Queen & Slim,2019,20000000,47803176,1.39,12.712,7.137
524348_Movie,The Report,2019,8000000,275000,-0.97,12.698,7
524247_Movie,The Intruder,2019,8000000,40600000,4.08,12.662,6
403300_Movie,A Hidden Life,2019,9000000,4645140,-0.48,12.593,7.1
520900_Movie,The Personal History of David Copperfield,2019,15600000,11620337,-0.26,12.523,6.4
489064_Movie,3 from Hell,2019,3000000,2295825,-0.23,12.367,5.8
511322_Movie,The Good Liar,2019,10000000,33856058,2.39,12.331,6.7
559957_Movie,Shanghai Fortress,2019,30000000,16900000,-0.44,12.329,5.469
417466_Movie,Monos,2019,1800000,1929915,0.07,12.158,6.6
441384_Movie,The Beach Bum,2019,5000000,4600000,-0.08,12.081,5.7
508791_Movie,The Sun Is Also a Star,2019,9000000,6800000,-0.24,11.997,7
471707_Movie,Corpus Christi,2019,1300000,9943901,6.65,11.908,7.6
487680_Movie,The Kitchen,2019,38000000,16000000,-0.58,11.871,6.1
504562_Movie,Motherless Brooklyn,2019,26000000,18377736,-0.29,11.852,6.681
440762_Movie,Jay and Silent Bob Reboot,2019,10000000,1011305,-0.90,11.792,5.7
454292_Movie,Saaho,2019,51000000,55000000,0.08,11.777,5.9
366668_Movie,Playmobil: The Movie,2019,75000000,1630000,-0.98,11.773,5.6
534259_Movie,Blinded by the Light,2019,8300000,18144644,1.19,11.594,6.9
510298_Movie,Seberg,2019,8000000,592565,-0.93,11.58,5.9
582186_Movie,"Oh, Ramona!",2019,2800000,1200582,-0.57,11.457,5.8
602545_Movie,Into the Labyrinth,2019,4000000,2514679,-0.37,11.229,6.3
477428_Movie,The Painted Bird,2019,7800000,659535,-0.92,11.043,7.138
512263_Movie,Honey Boy,2019,3500000,3400977,-0.03,10.732,7.094
582206_Movie,The Best Is Yet to Come,2019,13000000,7201952,-0.45,10.543,6.8
515789_Movie,StarDog and TurboCat,2019,2100000,585443,-0.72,10.528,7.1
446159_Movie,Bacurau,2019,1430000,3554178,1.49,10.456,7.7
574370_Movie,I Can Quit Whenever I Want,2019,4833490,11788968,1.44,10.359,6.283
580600_Movie,Astro Kid,2019,5100000,3123088,-0.39,10.35,7.2
464504_Movie,A Madea Family Funeral,2019,20000000,74747725,2.74,10.103,5.9
595975_Movie,La Belle Époque,2019,11000000,13935410,0.27,10.088,7.4
561557_Movie,The Ash Lad: In Search of the Golden Castle,2019,7300000,2996763,-0.59,10.086,6.5
567598_Movie,Greed,2019,5500000,1460431,-0.73,10.046,5.671
512954_Movie,Leaving Afghanistan,2019,4302540,731827,-0.83,9.887,6.6
551808_Movie,Black Christmas,2019,5000000,18529730,2.71,9.445,4.6
348672_Movie,About Endlessness,2019,4700000,434977,-0.91,9.393,6.535
429416_Movie,The Jesus Rolls,2019,4500000,64648,-0.99,9.333,4.51
613090_Movie,"Live Twice, Love Once",2019,1450000,368430,-0.75,9.311,7.5
582873_Movie,Martin Eden,2019,3800000,1681545,-0.56,9.308,7
491283_Movie,Judy,2019,10000000,38981322,2.90,9.21,6.7
492565_Movie,The Kid,2019,8000000,1561698,-0.80,9.142,6
576071_Movie,Unplanned,2019,6000000,21600000,2.60,9.109,6.9
455957_Movie,Domino,2019,7800000,439085,-0.94,9.09,4.6
574376_Movie,Eye for an Eye,2019,3328289,2407571,-0.28,8.97,6.7
613349_Movie,A Good Doctor,2019,6837995,6294941,-0.08,8.848,6.5
498743_Movie,Never Grow Old,2019,12000000,106796,-0.99,8.699,6.047
523172_Movie,Late Night,2019,4000000,22384741,4.60,8.696,6.4
574321_Movie,Only the Animals,2019,5000000,878668,-0.82,8.659,6.7
618326_Movie,Sisters in Arms,2019,5600000,540482,-0.90,8.632,7.2
509733_Movie,Spy Cat,2019,9000000,3882729,-0.57,8.553,6.8
596650_Movie,Chhichhore,2019,6825000,29353057,3.30,8.519,7.6
543915_Movie,The Boat,2019,5000000,98559,-0.98,8.443,5.4
553141_Movie,The Head Hunter,2019,30000,44652,0.49,8.377,5.3
616584_Movie,K-12,2019,6000000,359377,-0.94,8.295,7.8
575828_Movie,Son of a Rich,2019,2600000,50803834,18.54,8.156,7
606952_Movie,The Goddess of Fortune,2019,4000000,8277796,1.07,7.985,7.1
577028_Movie,The Ninth,2019,7000000,958558,-0.86,7.727,6.4
573150_Movie,The Goya Murders,2019,2700000,443038,-0.84,7.55,5
501590_Movie,Synonyms,2019,2500000,242483,-0.90,7.521,5.8
592336_Movie,Don't Stop Me Now,2019,8000000,5000000,-0.38,7.45,6.3
567973_Movie,Furie,2019,1000000,6890000,5.89,7.409,6.5
571655_Movie,Valhalla,2019,5256817,70821,-0.99,7.344,5.2
532938_Movie,The Shiny Shrimps,2019,3500000,4645750,0.33,7.341,6.6
620683_Movie,My Mom Is a Character 3,2019,2000000,39273021,18.64,7.241,8.2
491625_Movie,Gully Boy,2019,5782853,28299498,3.89,6.934,7.33
459670_Movie,Monica and Friends: Bonds,2019,1803570,1357142,-0.25,6.921,7.6
454626_Movie,Sonic the Hedgehog,2020,85000000,319715683,2.76,141.864,7.308
635302_Movie,Demon Slayer -Kimetsu no Yaiba- The Movie: Mugen Train,2020,15700000,507119058,31.30,105.408,8.2
38700_Movie,Bad Boys for Life,2020,90000000,426505244,3.74,78.702,7.135
508442_Movie,Soul,2020,150000000,121977511,-0.19,76.153,8.1
524047_Movie,Greenland,2020,34000000,52300000,0.54,72.14,7.1
529203_Movie,The Croods: A New Age,2020,65000000,215905815,2.32,66.705,7.5
613504_Movie,After We Collided,2020,14000000,47990414,2.43,55.633,7.2
587792_Movie,Palm Springs,2020,5000000,164000,-0.97,54.292,7.3
337401_Movie,Mulan,2020,200000000,69965374,-0.65,51.253,6.9
464052_Movie,Wonder Woman 1984,2020,200000000,169601036,-0.15,49.71,6.416
577922_Movie,Tenet,2020,205000000,365304105,0.78,48.373,7.182
495764_Movie,Birds of Prey (and the Fantabulous Emancipation of One Harley Quinn),2020,75000000,205537933,1.74,45.947,6.9
400160_Movie,The SpongeBob Movie: Sponge on the Run,2020,60000000,4700000,-0.92,45.635,7.5
338762_Movie,Bloodshot,2020,42000000,39861118,-0.05,44.673,6.7
522627_Movie,The Gentlemen,2020,22000000,115171795,4.24,44.271,7.7
590223_Movie,Love and Monsters,2020,30000000,1122066,-0.96,43.089,7.3
481848_Movie,The Call of the Wild,2020,109000000,111200000,0.02,42.152,7.5
514847_Movie,The Hunt,2020,14000000,10550350,-0.25,41.796,6.637
446893_Movie,Trolls World Tour,2020,90000000,49276818,-0.45,38.943,7.3
581392_Movie,Peninsula,2020,17000000,42698327,1.51,38.164,6.751
570670_Movie,The Invisible Man,2020,7000000,144492724,19.64,38.133,7.1
458576_Movie,Monster Hunter,2020,60000000,42145959,-0.30,36.45,6.6
340102_Movie,The New Mutants,2020,67000000,49169594,-0.27,35.605,6.098
514207_Movie,Invasion,2020,8819200,32104054,2.64,33.552,6.9
516632_Movie,The Empty Man,2020,16000000,4796993,-0.70,33.301,6.2
443791_Movie,Underwater,2020,50000000,40882928,-0.18,32.736,6.287
508439_Movie,Onward,2020,200000000,141940042,-0.29,32.194,7.7
589754_Movie,The Last Warrior: Root of Evil,2020,8400000,27658331,2.29,32.153,6.9
614696_Movie,#Alive,2020,6300000,13416285,1.13,29.596,7.234
448119_Movie,Dolittle,2020,175000000,251410631,0.44,29.009,6.6
546121_Movie,Run,2020,1700000,5184368,2.05,28.364,7.3
600354_Movie,The Father,2020,6000000,21029340,2.50,27.288,8.1
723072_Movie,Host,2020,100000,443807,3.44,27.06,6.493
385103_Movie,Scoob!,2020,90000000,28600000,-0.68,24.489,7
556678_Movie,Emma.,2020,10000000,25200000,1.52,23.861,7
625568_Movie,Unhinged,2020,33000000,39238300,0.19,22.913,6.4
539537_Movie,Fantasy Island,2020,7000000,49500000,6.07,22.756,5.8
582014_Movie,Promising Young Woman,2020,10000000,20379604,1.04,22.333,7.4
425001_Movie,The War with Grandpa,2020,18000000,43387445,1.41,22.252,6.447
551804_Movie,Freaky,2020,5000000,15100000,2.02,22.028,6.6
531499_Movie,The Tax Collector,2020,30000000,942666,-0.97,21.256,5.62
590995_Movie,The Craft: Legacy,2020,18000000,2300000,-0.87,21.017,6.1
555974_Movie,Brahms: The Boy II,2020,10000000,20311536,1.03,20.865,5.9
580175_Movie,Another Round,2020,5150000,21700000,3.21,20.105,7.6
430155_Movie,Coma,2020,2250000,9500000,3.22,19.798,6.391
441130_Movie,Wolfwalkers,2020,12000000,1310720,-0.89,19.128,8.219
492611_Movie,The Turning,2020,14000000,19428166,0.39,19.053,5.7
596161_Movie,Let Him Go,2020,21000000,7997460,-0.62,18.929,6.8
435615_Movie,Possessor,2020,2500000,911000,-0.64,18.773,6.348
585244_Movie,I Still Believe,2020,12000000,16069730,0.34,18.719,7.6
531876_Movie,The Outpost,2020,18000000,2133452,-0.88,18.565,6.898
457335_Movie,Guns Akimbo,2020,15000000,835102,-0.94,17.799,6.4
590706_Movie,Jiu Jitsu,2020,23000000,99924,-1.00,17.555,4.8
560144_Movie,Skylines,2020,70000000,170581,-1.00,17.283,5.6
659959_Movie,Summer of 85,2020,6900000,3600000,-0.48,17.162,7.4
556984_Movie,The Trial of the Chicago 7,2020,35000000,107423,-1.00,16.888,7.7
592279_Movie,Kalashnikov AK-47,2020,3500000,1593464,-0.54,16.759,7.4
579583_Movie,The King of Staten Island,2020,35000000,2200000,-0.94,16.754,7
684684_Movie,Shortcut,2020,1400000,769563,-0.45,16.744,5.3
550231_Movie,The Secret: Dare to Dream,2020,21000000,3215636,-0.85,16.575,7.3
702525_Movie,Bigfoot Family,2020,17520000,10855626,-0.38,16.19,7.1
668742_Movie,Father There Is Only One 2,2020,4000000,14871307,2.72,16.114,7.5
614560_Movie,Mank,2020,25000000,122252,-1.00,16.025,6.7
721625_Movie,Songbird,2020,2500000,1000000,-0.60,15.994,6.2
592834_Movie,My Spy,2020,18000000,10200000,-0.43,15.96,6.9
542224_Movie,Gretel & Hansel,2020,5000000,22304357,3.46,15.923,6
571384_Movie,Come Play,2020,9000000,8119285,-0.10,15.87,6.4
466622_Movie,The Rhythm Section,2020,50000000,5989583,-0.88,15.826,5.5
594718_Movie,Sputnik,2020,2600000,354023,-0.86,15.487,6.5
688258_Movie,Occupation: Rainfall,2020,25000000,331091,-0.99,15.295,6.2
663870_Movie,Riders of Justice,2020,5300000,679505,-0.87,15.163,7.263
508935_Movie,The Eight Hundred,2020,80000000,461421559,4.77,15.003,6.9
587496_Movie,The Rental,2020,3500000,4311042,0.23,14.922,5.5
630220_Movie,18 Presents,2020,2500000,3486375,0.39,14.795,7.4
602211_Movie,Fatman,2020,20000000,1651413,-0.92,14.675,5.5
652004_Movie,The Wolf of Snow Hollow,2020,2000000,239828,-0.88,14.374,6.1
529485_Movie,The Way Back,2020,23000000,14590514,-0.37,14.135,6.6
581032_Movie,News of the World,2020,38000000,12700000,-0.67,13.935,6.959
442065_Movie,The Last Full Measure,2020,20000000,3364426,-0.83,13.873,7.3
523371_Movie,Patients of a Saint,2020,141129,695501,3.93,13.708,6.4
581526_Movie,Deliver Us from Evil,2020,12000000,34662454,1.89,13.649,6.9
501979_Movie,Bill & Ted Face the Music,2020,25000000,6274027,-0.75,13.614,5.91
552269_Movie,Joe Bell,2020,3500000,1700000,-0.51,13.525,6.5
429422_Movie,Capone,2020,20600000,858281,-0.96,13.339,5
632322_Movie,All My Life,2020,25000000,2000000,-0.92,12.252,7.8
601165_Movie,Legacy of Lies,2020,4500000,94583,-0.98,12.183,5.5
726739_Movie,Cats & Dogs 3: Paws Unite,2020,17000000,4200000,-0.75,12.129,6.1
559974_Movie,Shock Wave 2,2020,40000000,226400000,4.66,11.92,7.1
526019_Movie,Like a Boss,2020,29000000,26900000,-0.07,11.732,6.3
517412_Movie,Tesla,2020,5000000,459051,-0.91,11.648,5.8
718840_Movie,A Nice Girl Like You,2020,6100000,769234,-0.87,11.323,5.8
613377_Movie,30 Days Max,2020,13000000,11208529,-0.14,11.1,5.5
523781_Movie,Words on Bathroom Walls,2020,8000000,3151849,-0.61,11.027,7.8
670428_Movie,PG: Psycho Goreman,2020,1700000,95384,-0.94,11.017,6
637202_Movie,Fate/Grand Order the Movie: Divine Realm of the Round Table: Camelot Wandering; Agateram,2020,2000000,3607899,0.80,11.014,7.2
619592_Movie,Force of Nature,2020,15000000,638221,-0.96,10.862,5.1
628241_Movie,Ala Vaikunthapurramuloo,2020,14000000,28859072,1.06,10.802,6.7
594669_Movie,Baaghi 3,2020,7952450,18473570,1.32,10.582,6.5
615115_Movie,The Secrets We Keep,2020,7200000,615233,-0.91,10.476,6
665488_Movie,Divorce Club,2020,9466480,5127426,-0.46,10.297,5.757
539181_Movie,Relic,2020,1229578,3238539,1.63,10.198,6.1
627290_Movie,Antebellum,2020,15000000,7060384,-0.53,10.194,6.2
451184_Movie,Wasp Network,2020,10530000,1400000,-0.87,10.194,6
523366_Movie,Dragon Rider,2020,17800000,7000000,-0.61,10.015,7.1
651881_Movie,Bye Bye Morons,2020,9700000,16955173,0.75,9.829,7.2
637053_Movie,Shithouse,2020,80000,18370,-0.77,9.753,6.954
498402_Movie,Aline,2020,25900000,11131254,-0.57,9.669,6.7
585257_Movie,Fire,2020,7000000,12916151,0.85,9.293,8.2
575718_Movie,Secret Zoo,2020,8100000,8300000,0.02,8.609,6.2
566927_Movie,Impractical Jokers: The Movie,2020,3000000,10700000,2.57,8.423,6.6
575089_Movie,One Second,2020,1250000,10791301,7.63,7.639,7.453
589049_Movie,The Photograph,2020,16000000,20690779,0.29,7.621,6.4
575463_Movie,Mama Weed,2020,5080800,5460628,0.07,7.285,5.8
644712_Movie,Street Dancer 3D,2020,9204790,12589965,0.37,6.98,6.6
593402_Movie,Tolo Tolo,2020,20000000,52186426,1.61,6.822,6.114
601297_Movie,My Cousin,2020,10854516,2982559,-0.73,6.748,5.475
619918_Movie,Ella Bella Bingo,2020,6000000,1339784,-0.78,6.365,6.6
661043_Movie,Malang,2020,7907534,11136444,0.41,6.318,7
634649_Movie,Spider-Man: No Way Home,2021,200000000,1921847111,8.61,169.128,7.949
568124_Movie,Encanto,2021,135000000,261289554,0.94,161.851,7.6
592695_Movie,Pleasure,2021,1800000,393824,-0.78,149.008,6.2
438631_Movie,Dune,2021,165000000,407573628,1.47,148.343,7.783
637649_Movie,Wrath of Man,2021,40000000,103966489,1.60,142.167,7.6
566525_Movie,Shang-Chi and the Legend of the Ten Rings,2021,150000000,432243292,1.88,105.015,7.528
588228_Movie,The Tomorrow War,2021,200000000,14400000,-0.93,102.771,7.5
436969_Movie,The Suicide Squad,2021,185000000,168717425,-0.09,98.942,7.5
580489_Movie,Venom: Let There Be Carnage,2021,110000000,506863592,3.61,89.57,6.779
438695_Movie,Sing 2,2021,85000000,408402685,3.80,87.401,7.9
423108_Movie,The Conjuring: The Devil Made Me Do It,2021,39000000,206431050,4.29,84.069,7.413
337404_Movie,Cruella,2021,200000000,233503234,0.17,77.82,8
508943_Movie,Luca,2021,200000000,51074773,-0.74,76.274,7.8
524434_Movie,Eternals,2021,200000000,402064899,1.01,76.082,6.83
460458_Movie,Resident Evil: Welcome to Raccoon City,2021,25000000,41914915,0.68,75.214,5.965
527774_Movie,Raya and the Last Dragon,2021,100000000,130423032,0.30,73.729,7.841
497698_Movie,Black Widow,2021,200000000,379751131,0.90,67.127,7.214
624860_Movie,The Matrix Resurrections,2021,190000000,156497322,-0.18,66.005,6.388
744275_Movie,After We Fell,2021,14000000,21753705,0.55,65.872,7.04
550988_Movie,Free Guy,2021,110000000,331526598,2.01,64.853,7.485
370172_Movie,No Time to Die,2021,250000000,774153024,2.10,63.917,7.4
675445_Movie,PAW Patrol: The Movie,2021,26000000,144327371,4.55,61.446,7.4
520763_Movie,A Quiet Place Part II,2021,55000000,297372261,4.41,56.236,7.475
412656_Movie,Chaos Walking,2021,125000000,26508132,-0.79,55.838,6.6
451048_Movie,Jungle Cruise,2021,200000000,220889446,0.10,55.104,7.3
615457_Movie,Nobody,2021,17000000,61779301,2.63,54.192,7.9
385128_Movie,F9,2021,200000000,726229501,2.63,53.599,7.056
459151_Movie,The Boss Baby: Family Business,2021,82000000,146745280,0.79,53.18,7.351
512195_Movie,Red Notice,2021,160000000,178143,-1.00,52.429,6.8
476669_Movie,The King's Man,2021,100000000,125897478,0.26,51.1,6.751
399566_Movie,Godzilla vs. Kong,2021,200000000,470116094,1.35,51.098,7.583
776503_Movie,CODA,2021,10000000,1905058,-0.81,45.183,7.9
460465_Movie,Mortal Kombat,2021,20000000,84426031,3.22,44.667,7.026
568620_Movie,Snake Eyes: G.I. Joe Origins,2021,88000000,36964325,-0.58,44.527,6.486
602223_Movie,The Forever Purge,2021,18000000,76994245,3.28,44.271,6.9
631843_Movie,Old,2021,18000000,90146510,4.01,43.707,6.332
425909_Movie,Ghostbusters: Afterlife,2021,75000000,204334455,1.72,41.643,7.356
602269_Movie,The Little Things,2021,30000000,29942746,0.00,40.649,6.334
593395_Movie,Diabolik,2021,11000000,3189418,-0.71,40.59,6
522931_Movie,Hitman's Wife's Bodyguard,2021,70000000,70060492,0.00,38.926,6.668
646380_Movie,Don't Look Up,2021,75000000,791863,-0.99,38.701,7.075
454527_Movie,Benedetta,2021,24350000,2652725,-0.89,38.079,6.6
379686_Movie,Space Jam: A New Legacy,2021,150000000,163692228,0.09,37.519,6.7
796499_Movie,Army of Thieves,2021,30000000,46900000,0.56,36.312,6.835
585245_Movie,Clifford the Big Red Dog,2021,64000000,107347356,0.68,35.215,7.2
503736_Movie,Army of the Dead,2021,90000000,190700000,1.12,35.08,6.2
587807_Movie,Tom & Jerry,2021,50000000,136536687,1.73,32.125,6.8
576845_Movie,Last Night in Soho,2021,43000000,22957625,-0.47,31.756,7.3
617653_Movie,The Last Duel,2021,100000000,30552111,-0.69,31.516,7.4
614917_Movie,King Richard,2021,50000000,39400000,-0.21,31.459,7.6
522478_Movie,Peter Rabbit 2: The Runaway,2021,45000000,153000000,2.40,31.139,7.1
283566_Movie,Evangelion: 3.0+1.0 Thrice Upon a Time,2021,29700000,93882453,2.16,29.657,8.237
634528_Movie,The Marksman,2021,23000000,23076711,0.00,29.442,6.828
602734_Movie,Spiral: From the Book of Saw,2021,20000000,40618920,1.03,29.292,5.941
513310_Movie,Boss Level,2021,45000000,2000000,-0.96,28.639,6.9
632357_Movie,The Unholy,2021,10000000,30800000,2.08,28.617,6.6
619778_Movie,Malignant,2021,40000000,34891791,-0.13,28.6,6.768
588921_Movie,AINBO: Spirit of the Amazon,2021,10000000,10237061,0.02,27.579,7
585216_Movie,Escape Room: Tournament of Champions,2021,15000000,65774490,3.38,27.489,6.531
482373_Movie,Don't Breathe 2,2021,15000000,53785551,2.59,26.472,7
644495_Movie,House of Gucci,2021,75000000,153235995,1.04,26.277,6.6
660120_Movie,The Worst Person in the World,2021,5000000,11800000,1.36,26.061,7.5
559907_Movie,The Green Knight,2021,15000000,18887953,0.26,26.045,6.597
693113_Movie,Midnight in the Switchgrass,2021,15000000,229811,-0.98,25.946,5.9
630240_Movie,Titane,2021,6600000,4982335,-0.25,25.615,6.36
589761_Movie,Chernobyl: Abyss,2021,9100000,6459306,-0.29,24.706,6.2
581734_Movie,Nomadland,2021,5000000,39458207,6.89,24.362,7.2
610253_Movie,Halloween Kills,2021,20000000,133423964,5.67,24.27,6.4
597208_Movie,Nightmare Alley,2021,60000000,39629195,-0.34,24.024,6.982
592508_Movie,Sooryavanshi,2021,13000000,35000000,1.69,23.65,5.8
637693_Movie,Spirit Untamed,2021,30000000,17635215,-0.41,23.411,7.3
542178_Movie,The French Dispatch,2021,25000000,46333545,0.85,22.717,7.032
630004_Movie,The Vault,2021,15000000,8804000,-0.41,22.102,6.8
516329_Movie,Antlers,2021,17000000,18867659,0.11,21.49,6.2
524369_Movie,The Many Saints of Newark,2021,50000000,13037403,-0.74,21.326,6.3
718032_Movie,Licorice Pizza,2021,40000000,33276075,-0.17,20.96,6.972
623511_Movie,The Burning Sea,2021,8300000,2836382,-0.66,20.905,6.6
578701_Movie,Those Who Wish Me Dead,2021,20000000,23384502,0.17,20.38,6.6
525660_Movie,Dynasty Warriors,2021,38504400,3310000,-0.91,19.898,5.9
681887_Movie,Cosmic Sin,2021,20000000,349757,-0.98,19.107,4
581389_Movie,Space Sweepers,2021,21000000,24571,-1.00,18.527,7.07
738652_Movie,Copshop,2021,43500000,6807158,-0.84,18.516,6.3
763329_Movie,Red Rocket,2021,1100000,2200000,1.00,18.322,6.8
663260_Movie,Black Box,2021,10722240,9738741,-0.09,17.909,7.334
567690_Movie,Dear Evan Hansen,2021,27500000,19133454,-0.30,17.779,6.3
597890_Movie,Voyagers,2021,20000000,4298184,-0.79,17.743,6
579047_Movie,Reminiscence,2021,68000000,18717947,-0.72,17.735,6.587
785663_Movie,Old Henry,2021,1500000,77463,-0.95,17.723,7.3
616651_Movie,Stillwater,2021,20000000,19754272,-0.01,17.573,6.6
615643_Movie,Minari,2021,2000000,12900000,5.45,17.498,7.338
800497_Movie,Werewolves Within,2021,6500000,937490,-0.86,17.411,6
573164_Movie,An Egg Rescue,2021,6400000,4093345,-0.36,17.185,7.9
583406_Movie,Judas and the Black Messiah,2021,26000000,6416063,-0.75,16.81,7.3
659940_Movie,The Marco Effect,2021,8000000,39300,-1.00,16.807,5.8
623135_Movie,Sinkhole,2021,11400000,17970000,0.58,16.707,6.9
511809_Movie,West Side Story,2021,100000000,76016171,-0.24,15.98,7
529106_Movie,Major Grom: Plague Doctor,2021,10000000,4500000,-0.55,15.898,6.7
758866_Movie,Drive My Car,2021,1300000,15356046,10.81,15.732,7.4
643586_Movie,Willy's Wonderland,2021,5000000,431020,-0.91,15.513,6
565028_Movie,Candyman,2021,25000000,77411570,2.10,15.417,6
424277_Movie,Annette,2021,15500000,3700000,-0.76,15.393,6.7
602666_Movie,Detective Chinatown 3,2021,117000000,686257563,4.87,15.351,5.6
574060_Movie,Gunpowder Milkshake,2021,30000000,1015760,-0.97,15.312,6.3
557950_Movie,Mainstream,2021,5000000,49638,-0.99,14.985,6.4
629017_Movie,Run Hide Fight,2021,2000000,34561,-0.98,14.897,6.706
780382_Movie,The Wolf and the Lion,2021,11900000,15300000,0.29,14.405,7.5
467909_Movie,In the Heights,2021,55000000,43000000,-0.22,14.301,7.2
826749_Movie,Fortress,2021,20000000,52169,-1.00,14.21,5.7
714869_Movie,Serial (Bad) Weddings 3,2021,22000000,27832384,0.27,14.145,6.3
598014_Movie,The Last Warrior: Emissary of Darkness,2021,7000000,29694624,3.24,14.09,7.1
793937_Movie,The School of the Magical Animals,2021,11700000,22028248,0.88,13.995,6.2
635731_Movie,Pig,2021,3000000,3889432,0.30,13.954,6.655
632617_Movie,C'mon C'mon,2021,8300000,4300000,-0.48,13.822,7.2
846867_Movie,Mad God,2021,250000,322619,0.29,13.383,6.854
539565_Movie,Zola,2021,5000000,3500000,-0.30,13.365,6.178
660942_Movie,The Innocents,2021,3400000,322000,-0.91,13.293,6.914
592863_Movie,Respect,2021,55000000,31217372,-0.43,13.039,6.8
777270_Movie,Belfast,2021,11000000,49158343,3.47,12.903,7.1
554230_Movie,The Lost Daughter,2021,5000000,703281,-0.86,12.7,6.5
749274_Movie,Cry Macho,2021,33000000,16510734,-0.50,12.505,5.954
716612_Movie,Spencer,2021,18000000,14000000,-0.22,12.392,6.8
728118_Movie,"Quo Vadis, Aida?",2021,4750000,813253,-0.83,12.389,7.6
673309_Movie,American Underdog,2021,25000000,26514814,0.06,12.088,7.1
644083_Movie,Twist,2021,2000000,510466,-0.74,11.925,5.9
664300_Movie,Shiva Baby,2021,250000,359247,0.44,11.79,7.183
603206_Movie,Dream Horse,2021,20000000,6435260,-0.68,11.783,7
779029_Movie,The Battle at Lake Changjin,2021,200000000,902540935,3.51,11.687,5.915
604563_Movie,OSS 117: From Africa with Love,2021,20400000,13457801,-0.34,11.617,5.652
884452_Movie,The Ambush,2021,40000000,5218666,-0.87,11.115,6.1
501841_Movie,A Journal for Jordan,2021,25000000,6700000,-0.73,11.103,7
712454_Movie,The Summit of the Gods,2021,9850000,1756552,-0.82,10.836,7.8
481879_Movie,Die in a Gunfight,2021,4000000,31395,-0.99,10.834,5.4
693827_Movie,Lansky,2021,5000000,136579,-0.97,10.437,6.048
793285_Movie,God's Not Dead: We The People,2021,5000000,1200000,-0.76,10.29,6.8
680813_Movie,Flee,2021,3400000,712229,-0.79,10.283,7.8
749004_Movie,Petite Maman,2021,3100000,1024575,-0.67,10.135,7.1
730047_Movie,Cyrano,2021,20000000,3000000,-0.85,10.135,6.4
660000_Movie,Lost Illusions,2021,20800000,8600000,-0.59,9.927,7.4
754067_Movie,Vicky and Her Mystery,2021,6500000,4181043,-0.36,9.902,7.1
655082_Movie,Eiffel,2021,26000000,13000000,-0.50,9.844,6.3
577242_Movie,Kaamelott: The First Chapter,2021,17516235,19002036,0.08,9.425,6.634
800823_Movie,The Kids Are Alright: Destination Asturias,2021,5300000,9600000,0.81,9.29,5.6
809717_Movie,Moonbound,2021,2000000,6666618,2.33,9.128,6.4
712121_Movie,Sweat,2021,1619835,11546,-0.99,8.5,6.3
642684_Movie,Operation Portugal,2021,1400000,3795575,1.71,7.838,5
758891_Movie,"Hi, Mom",2021,59000000,822049668,12.93,7.767,7
745611_Movie,Delicious,2021,5000000,8356097,0.67,7.759,6.9
586101_Movie,Music,2021,16000000,645949,-0.96,7.672,5.4
764686_Movie,The Divide,2021,5000000,2178083,-0.56,7.464,6.6
638965_Movie,Mandibles,2021,4900000,2044087,-0.58,7.318,6.289
607430_Movie,Nine Days,2021,10000000,969204,-0.90,7.268,6.8
662745_Movie,Monica and Friends: Lessons,2021,1900000,2100000,0.11,7.241,8.2
601337_Movie,83,2021,36786988,25452983,-0.31,6.849,7.1
675353_Movie,Sonic the Hedgehog 2,2022,110000000,405421518,2.69,212.009,7.479
315162_Movie,Puss in Boots: The Last Wish,2022,90000000,484700000,4.39,178.402,8.219
361743_Movie,Top Gun: Maverick,2022,170000000,1488732821,7.76,173.33,8.2
507086_Movie,Jurassic World Dominion,2022,165000000,1001978080,5.07,167.189,6.675
76600_Movie,Avatar: The Way of Water,2022,460000000,2320250281,4.04,163.801,7.608
453395_Movie,Doctor Strange in the Multiverse of Madness,2022,200000000,955775804,3.78,111.863,7.267
414906_Movie,The Batman,2022,185000000,772319315,3.17,106.913,7.659
505642_Movie,Black Panther: Wakanda Forever,2022,250000000,859102154,2.44,105.255,7.072
508947_Movie,Turning Red,2022,175000000,21328962,-0.88,89.84,7.349
335787_Movie,Uncharted,2022,120000000,407141258,2.39,84.444,6.918
545611_Movie,Everything Everywhere All at Once,2022,25000000,139200000,4.57,82.099,7.759
616037_Movie,Thor: Love and Thunder,2022,250000000,760900000,2.04,80.047,6.422
882598_Movie,Smile,2022,17000000,217408513,11.79,79.871,6.7
601796_Movie,Alienoid,2022,24500000,12109608,-0.51,79.338,6.824
438148_Movie,Minions: The Rise of Gru,2022,85000000,940203765,10.06,76.441,7.303
698508_Movie,Redeeming Love,2022,30000000,9464198,-0.68,73.093,7.8
985939_Movie,Fall,2022,3000000,17363261,4.79,72.766,7.1
585083_Movie,Hotel Transylvania: Transformania,2022,75000000,18500000,-0.75,71.258,7.07
937278_Movie,A Man Called Otto,2022,50000000,108961677,1.18,70.786,7.77
799155_Movie,Attack,2022,9600000,2600000,-0.73,70.477,6.8
615777_Movie,Babylon,2022,78000000,63363579,-0.19,68.689,7.369
663712_Movie,Terrifier 2,2022,250000,15741780,61.97,65.555,6.7
646385_Movie,Scream,2022,24000000,137743924,4.74,60.121,6.668
436270_Movie,Black Adam,2022,200000000,393452111,0.97,59.685,6.9
338953_Movie,Fantastic Beasts: The Secrets of Dumbledore,2022,200000000,407200000,1.04,59.397,6.648
840326_Movie,Sisu,2022,6200000,13000000,1.10,57.31,7.42
718930_Movie,Bullet Train,2022,90000000,239300000,1.66,56.881,7.442
629542_Movie,The Bad Guys,2022,80000000,250162278,2.13,56.759,7.546
624091_Movie,Sri Asih,2022,1242172,4577403,2.68,56.731,6.5
593643_Movie,The Menu,2022,35000000,79628200,1.28,56.518,7.2
949423_Movie,Pearl,2022,1000000,10139416,9.14,55.563,7.2
799379_Movie,Project Wolf Hunting,2022,9000000,20541,-1.00,54.948,6.378
756999_Movie,The Black Phone,2022,16000000,161440742,9.09,54.003,7.6
760104_Movie,X,2022,1000000,15113105,14.11,53.229,6.7
744276_Movie,After Ever Happy,2022,14000000,19238073,0.37,52.901,6.818
725201_Movie,The Gray Man,2022,200000000,454023,-1.00,52.625,6.9
406759_Movie,Moonfall,2022,146000000,67319703,-0.54,50.703,6.297
536554_Movie,M3GAN,2022,12000000,181796517,14.15,48.79,7.054
619803_Movie,The Roundup,2022,7600000,101166707,12.31,47.271,7.2
752623_Movie,The Lost City,2022,74000000,192907684,1.61,46.959,6.493
616820_Movie,Halloween Ends,2022,20000000,104374176,4.22,44.306,6.1
661374_Movie,Glass Onion: A Knives Out Mystery,2022,40000000,15000000,-0.63,44.249,7.051
639933_Movie,The Northman,2022,70000000,69633110,-0.01,41.899,7.048
717728_Movie,Jeepers Creepers: Reborn,2022,5000000,6175213,0.24,41.572,5.406
579974_Movie,RRR,2022,69000000,160000000,1.32,40.317,7.747
718789_Movie,Lightyear,2022,200000000,226425420,0.13,38.007,6.9
818397_Movie,Memory,2022,30000000,13900000,-0.54,37.445,6.8
724495_Movie,The Woman King,2022,50000000,97300000,0.95,37.3,7.7
526896_Movie,Morbius,2022,75000000,167635712,1.24,37.094,5.984
785084_Movie,The Whale,2022,3000000,55101305,17.37,35.288,7.832
668482_Movie,Roald Dahl's Matilda the Musical,2022,25000000,37289659,0.49,34.913,6.78
619730_Movie,Don't Worry Darling,2022,35000000,86700000,1.48,33.646,6.799
556694_Movie,Three Thousand Years of Longing,2022,60000000,20300000,-0.66,33.53,6.9
807356_Movie,Watcher,2022,5000000,2543216,-0.49,32.601,6.485
505026_Movie,Death on the Nile,2022,90000000,137307235,0.53,32.587,6.4
760161_Movie,Orphan: First Kill,2022,10000000,9572765,-0.04,32.125,6.636
497828_Movie,Triangle of Sadness,2022,15600000,24733572,0.59,31.037,7.064
648579_Movie,The Unbearable Weight of Massive Talent,2022,30000000,29116320,-0.03,30.964,6.8
763285_Movie,Ambulance,2022,40000000,52303589,0.31,30.912,6.647
913290_Movie,Barbarian,2022,4500000,45400000,9.09,30.837,6.8
830784_Movie,"Lyle, Lyle, Crocodile",2022,50000000,104088441,1.08,30.752,7
614934_Movie,Elvis,2022,85000000,288670284,2.40,30.749,7.506
762504_Movie,Nope,2022,68000000,170823080,1.51,30.498,6.8
539681_Movie,DC League of Super-Pets,2022,90000000,203000000,1.26,29.443,7.2
653851_Movie,Devotion,2022,90000000,20000000,-0.78,29.17,7.112
751237_Movie,Umma,2022,3000000,2100000,-0.30,28.638,5.4
575322_Movie,Project Gemini,2022,6000000,211674,-0.96,28.545,5.8
587412_Movie,K.G.F: Chapter 2,2022,13000000,90410749,5.95,28.072,7.403
899112_Movie,Violent Night,2022,20000000,75734910,2.79,27.589,7.278
674324_Movie,The Banshees of Inisherin,2022,20000000,49300000,1.47,27.531,7.5
551271_Movie,Medieval,2022,23000000,4311284,-0.81,27.038,6.9
682507_Movie,Where the Crawdads Sing,2022,24000000,144353965,5.01,26.219,7.563
830788_Movie,The Invitation,2022,10000000,33628000,2.36,26.079,6.1
522016_Movie,The 355,2022,75000000,55700000,-0.26,26.066,6.1
803114_Movie,The Requin,2022,8500000,130493,-0.98,25.88,4.8
823625_Movie,Blacklight,2022,43000000,15902207,-0.63,25.481,6.2
591120_Movie,The Pirates: The Last Royal Treasure,2022,19597380,10247262,-0.48,25.258,6.5
804095_Movie,The Fabelmans,2022,40000000,45629909,0.14,24.861,7.6
947938_Movie,Dolphin Boy,2022,4000000,2613252,-0.35,24.695,6.4
869626_Movie,Marcel the Shell with Shoes On,2022,6000000,6909209,0.15,24.55,7.7
676701_Movie,"Tad, the Lost Explorer and the Emerald Tablet",2022,11983950,32800000,1.74,24.154,7.5
420821_Movie,Chip 'n Dale: Rescue Rangers,2022,70000000,623190,-0.99,23.585,6.997
676710_Movie,The Amazing Maurice,2022,17000000,21110363,0.24,23.388,6.782
634429_Movie,Shin Ultraman,2022,5500000,34441594,5.26,23.258,7.184
626735_Movie,Dog,2022,20000000,84774243,3.24,23.207,7.3
862965_Movie,Emily the Criminal,2022,2000000,2157673,0.08,22.675,6.68
809140_Movie,Father Stu,2022,4000000,21591034,4.40,22.431,7.14
791177_Movie,Bones and All,2022,16000000,15234907,-0.05,21.975,7.1
817758_Movie,TÁR,2022,35000000,29048571,-0.17,21.756,7.1
848058_Movie,Piggy,2022,2400000,543064,-0.77,21.755,6.598
799876_Movie,The Outfit,2022,5000000,4000000,-0.20,21.691,7.095
366672_Movie,Paws of Fury: The Legend of Hank,2022,45000000,42500000,-0.06,21.656,6.7
800939_Movie,Ticket to Paradise,2022,20000000,168800000,7.44,21.324,6.5
877269_Movie,Strange World,2022,180000000,73621640,-0.59,21.285,6.322
644124_Movie,Dampyr,2022,15000000,362113,-0.98,21.276,6.2
760926_Movie,Gold,2022,6500000,176048,-0.97,20.507,6.2
818110_Movie,The Magic Flute,2022,6500000,492000,-0.92,20.473,6.5
999278_Movie,The Goldsmith,2022,250000,63830,-0.74,20.361,6.1
766475_Movie,See How They Run,2022,40000000,21921551,-0.45,19.709,6.369
520023_Movie,Bodies Bodies Bodies,2022,3000000,13900000,3.63,19.215,6.2
780609_Movie,Men,2022,6500000,11152071,0.72,19.114,6.1
245842_Movie,The King's Daughter,2022,40500000,2200000,-0.95,18.282,7
661791_Movie,La Abuela (The Grandmother),2022,3749231,1817696,-0.52,17.111,5.863
664469_Movie,Amsterdam,2022,80000000,31245810,-0.61,17.107,6.1
626872_Movie,Emergency Declaration,2022,18052672,19200000,0.06,17.052,7.5
656663_Movie,Jackass Forever,2022,10000000,80340218,7.03,16.999,6.81
727340_Movie,Hunt,2022,17000000,25994,-1.00,16.523,6.7
532710_Movie,Firestarter,2022,12000000,15000000,0.25,16.485,5.557
960258_Movie,Shark Bait,2022,5000000,1824152,-0.64,16.374,5.7
615904_Movie,Marry Me,2022,23000000,44000000,0.91,16.3,6.6
777831_Movie,9 Bullets,2022,3000000,193908,-0.94,16.223,5.4
1018494_Movie,Operation Seawolf,2022,15000,23000,0.53,16.119,5.7
820446_Movie,Downton Abbey: A New Era,2022,40000000,92651384,1.32,15.663,7.2
819876_Movie,Crimes of the Future,2022,27000000,4551565,-0.83,15.448,6.052
811631_Movie,Infinite Storm,2022,4749917,1707067,-0.64,15.344,5.7
928123_Movie,The Battle at Lake Changjin II: Water Gate Bridge,2022,200000000,626203271,2.13,14.96,6.2
837881_Movie,She Said,2022,32000000,13900000,-0.57,14.892,7.233
925786_Movie,Satan's Slaves 2: Communion,2022,900000,5909528,5.57,14.395,7
714888_Movie,Argentina 1985,2022,20000000,58424000,1.92,14.308,7.9
833339_Movie,Speak No Evil,2022,3200000,631249,-0.80,14.16,6.6
504827_Movie,The Bob's Burgers Movie,2022,38000000,34148750,-0.10,14.057,7
615952_Movie,Armageddon Time,2022,15000000,6524886,-0.57,13.932,6.5
477462_Movie,The Twin,2022,2620000,492000,-0.81,13.627,5.8
664332_Movie,Gangubai Kathiawadi,2022,12000000,25300000,1.11,13.56,7.4
614939_Movie,Bros,2022,22000000,14800000,-0.33,13.387,6.7
788977_Movie,Cairo Conspiracy,2022,7047000,3646605,-0.48,13.375,6.71
743563_Movie,Vikram,2022,15354648,54172014,2.53,13.37,7.7
848685_Movie,The Beasts,2022,3900000,10238603,1.63,13.358,7.5
760099_Movie,Living,2022,10000000,6999027,-0.30,13.301,7
696157_Movie,Whitney Houston: I Wanna Dance with Somebody,2022,50000000,59800000,0.20,13.176,7
777245_Movie,Women Talking,2022,20000000,7589419,-0.62,12.95,6.9
850028_Movie,"Alice, Darling",2022,4000000,121067,-0.97,12.949,5.7
833417_Movie,Full Time,2022,3000000,42566,-0.99,12.877,7.076
660046_Movie,Ponniyin Selvan: Part I,2022,29500000,59000000,1.00,12.629,7.1
894803_Movie,Sita Ramam,2022,3400000,11800000,2.47,12.489,7.8
962543_Movie,The Worst Ones,2022,2600000,19833,-0.99,12.025,6.795
724665_Movie,"Confess, Fletch",2022,20000000,500000,-0.98,11.949,6.3
744594_Movie,White Noise,2022,100000000,71476,-1.00,11.89,5.6
814757_Movie,Empire of Light,2022,13500000,11395604,-0.16,11.824,6.7
883502_Movie,Fortress: Sniper's Eye,2022,22000000,69075,-1.00,11.076,5.3
714676_Movie,Alice,2022,19500000,373043,-0.98,10.924,5.8
854239_Movie,Till,2022,33000000,11498884,-0.65,10.368,7.4
635891_Movie,Clerks III,2022,7000000,4717597,-0.33,10.201,6.024
892515_Movie,Masquerade,2022,14000000,6667598,-0.52,9.962,6.8
852438_Movie,Final Cut,2022,4300000,2046233,-0.52,9.786,6.8
771077_Movie,Rise,2022,7780000,11196824,0.44,9.709,7.4
832544_Movie,Stealing Raden Saleh,2022,1240864,18612962,14.00,9.491,7.6
747803_Movie,One Way,2022,5000000,30272,-0.99,9.404,5.9
1047431_Movie,Prancer: A Christmas Tale,2022,7000000,18600000,1.66,9.37,6.8
517302_Movie,Hatching,2022,3896000,508000,-0.87,9.232,6.3
735697_Movie,Incredible But True,2022,4340000,2329813,-0.46,9.071,6.035
610411_Movie,Erik Stoneheart,2022,1591000,13877,-0.99,9.066,5.9
752564_Movie,Maigret,2022,7000000,5934907,-0.15,9.021,5.8
888321_Movie,Corsage,2022,7580600,3092534,-0.59,8.696,6.2
913814_Movie,Brian and Charles,2022,1200000,216220,-0.82,8.548,6.322
960206_Movie,Godland,2022,5000000,1560518,-0.69,8.425,6.9
823951_Movie,November,2022,17700000,18114769,0.02,8.346,7.073
820697_Movie,The Five Devils,2022,3370000,46666,-0.99,8.184,6.864
799177_Movie,Bhediya,2022,7350000,10911075,0.48,8.159,6.7
757341_Movie,The Butcher's Daughter,2022,5000000,1085112,-0.78,8.098,5.411
695962_Movie,Bhool Bhulaiyaa 2,2022,8400000,32000000,2.81,8.098,6.4
804251_Movie,Alcarràs,2022,10250000,3324521,-0.68,8.08,6.773
836202_Movie,Brother and Sister,2022,4800000,369419,-0.92,8.073,4.9
895659_Movie,The Passengers of the Night,2022,4300000,1512938,-0.65,8.022,6.8
919573_Movie,The Innocent,2022,4000000,5175806,0.29,8.019,6.8
858485_Movie,Kantara,2022,1934000,60447800,30.26,7.941,7.2
1029827_Movie,Drishyam 2,2022,7200000,41000000,4.69,7.853,7.9
601635_Movie,Laal Singh Chaddha,2022,23000000,16000000,-0.30,7.826,6.5
810389_Movie,The Visitor from the Future,2022,4500000,1946816,-0.57,7.561,6.3
947507_Movie,Just Super,2022,3800000,2013434,-0.47,7.508,5.5
385687_Movie,Fast X,2023,340000000,704709660,1.07,247.229,7.1
502356_Movie,The Super Mario Bros. Movie,2023,100000000,1362000000,12.62,185.744,7.6
603692_Movie,John Wick: Chapter 4,2023,90000000,440157245,3.89,166.821,7.722
667538_Movie,Transformers: Rise of the Beasts,2023,195000000,441381193,1.26,165.386,7.248
872585_Movie,Oppenheimer,2023,100000000,952000000,8.52,164.819,8.1
940551_Movie,Migration,2023,72000000,298776052,3.15,159.869,7.4
569094_Movie,Spider-Man: Across the Spider-Verse,2023,100000000,690897910,5.91,159.511,8.347
575264_Movie,Mission: Impossible - Dead Reckoning Part One,2023,291000000,567535383,0.95,138.751,7.532
299054_Movie,Expend4bles,2023,100000000,37917985,-0.62,135.807,6.137
976573_Movie,Elemental,2023,200000000,496444308,1.48,134.706,7.617
940721_Movie,Godzilla Minus One,2023,15000000,115857413,6.72,121.922,7.6
944401_Movie,Dogman,2023,22700000,4082217,-0.82,121.774,7.895
346698_Movie,Barbie,2023,145000000,1445638421,8.97,120.89,7
1072790_Movie,Anyone But You,2023,25000000,214891370,7.60,109.861,6.9
1022796_Movie,Wish,2023,175000000,254997360,0.46,106.764,6.3
447365_Movie,Guardians of the Galaxy Vol. 3,2023,250000000,845600000,2.38,105.716,7.952
926393_Movie,The Equalizer 3,2023,70000000,191067560,1.73,104.406,7.317
615656_Movie,Meg 2: The Trench,2023,129000000,384056482,1.98,102.924,6.45
787699_Movie,Wonka,2023,125000000,632302312,4.06,100.525,7.093
447277_Movie,The Little Mermaid,2023,297000000,569626289,0.92,98.105,6.3
572802_Movie,Aquaman and the Lost Kingdom,2023,205000000,439381226,1.14,97.792,6.618
298618_Movie,The Flash,2023,220000000,271333313,0.23,94.378,6.67
1008042_Movie,Talk to Me,2023,4500000,92000000,19.44,93.017,7.2
882569_Movie,Guy Ritchie's The Covenant,2023,55000000,20000000,-0.64,90.408,7.8
507089_Movie,Five Nights at Freddy's,2023,20000000,297144130,13.86,87.165,7.489
792307_Movie,Poor Things,2023,35000000,117607117,2.36,86.606,7.703
893723_Movie,PAW Patrol: The Mighty Movie,2023,30000000,202231360,5.74,86.23,7
508883_Movie,The Boy and the Heron,2023,50000000,294200000,4.88,83.558,7.448
713704_Movie,Evil Dead Rise,2023,15000000,146700000,8.78,82.823,6.9
968051_Movie,The Nun II,2023,38500000,269670590,6.00,80.418,6.714
335977_Movie,Indiana Jones and the Dial of Destiny,2023,294700000,383963057,0.30,78.534,6.56
269509_Movie,The Canterville Ghost,2023,10000000,2000000,-0.80,77.718,6.7
493529_Movie,Dungeons & Dragons: Honor Among Thieves,2023,151000000,208200000,0.38,76.585,7.343
934433_Movie,Scream VI,2023,35000000,168961389,3.83,74.021,7
901362_Movie,Trolls Band Together,2023,95000000,207318137,1.18,73.815,7.303
496450_Movie,"Miraculous: Ladybug & Cat Noir, The Movie",2023,86000000,40208268,-0.53,72.444,7.617
980489_Movie,Gran Turismo,2023,60000000,121700000,1.03,72.256,7.767
739405_Movie,Operation Fortune: Ruse de Guerre,2023,50000000,37800000,-0.24,72.011,6.484
609681_Movie,The Marvels,2023,274800000,207089999,-0.25,70.372,6.028
1062807_Movie,SPY x FAMILY CODE: White,2023,5000000,59256423,10.85,69.838,7
467244_Movie,The Zone of Interest,2023,15000000,52631884,2.51,69.741,7.04
856289_Movie,Creation of the Gods I: Kingdom of Storms,2023,85000000,369081777,3.34,68.825,7.1
594767_Movie,Shazam! Fury of the Gods,2023,125000000,134038006,0.07,67.515,6.492
466420_Movie,Killers of the Flower Moon,2023,200000000,156922344,-0.22,67.44,7.436
959092_Movie,Mayhem!,2023,4920000,1500000,-0.70,67.065,6.638
670292_Movie,The Creator,2023,80000000,104272136,0.30,65.229,7.067
884605_Movie,No Hard Feelings,2023,45000000,83000000,0.84,63.523,6.755
565770_Movie,Blue Beetle,2023,104000000,130788072,0.26,61.945,6.712
753342_Movie,Napoleon,2023,165000000,220597098,0.34,61.342,6.4
820525_Movie,After Everything,2023,14000000,10644463,-0.24,60.466,6.903
758323_Movie,The Pope's Exorcist,2023,18000000,76987621,3.28,60.079,7
695721_Movie,The Hunger Games: The Ballad of Songbirds & Snakes,2023,100000000,337371917,2.37,59.566,7.038
459003_Movie,Mavka: The Forest Song,2023,5000000,17974964,2.59,58.769,7.202
677179_Movie,Creed III,2023,75000000,275300000,2.67,58.515,7.1
1040148_Movie,"Ruby Gillman, Teenage Kraken",2023,70000000,46247409,-0.34,58.172,7.2
614930_Movie,Teenage Mutant Ninja Turtles: Mutant Mayhem,2023,75000000,180513586,1.41,52.974,7.2
897087_Movie,Freelance,2023,40000000,9112817,-0.77,52.27,6.5
951491_Movie,Saw X,2023,13000000,125319714,8.64,51.617,7.2
640146_Movie,Ant-Man and the Wasp: Quantumania,2023,388369742,476071180,0.23,51.122,6.297
614479_Movie,Insidious: The Red Door,2023,16000000,189086877,10.82,50.553,6.6
1071215_Movie,Thanksgiving,2023,15000000,46553280,2.10,49.744,6.531
878361_Movie,Big George Foreman,2023,32000000,3800000,-0.88,49.538,7.533
678512_Movie,Sound of Freedom,2023,14500000,250600000,16.28,49.442,8
807172_Movie,The Exorcist: Believer,2023,30000000,136284218,3.54,47.421,5.899
762430_Movie,Retribution,2023,20000000,18685751,-0.07,46.03,6.607
838240_Movie,Robot Dreams,2023,5300000,4656348,-0.12,45.698,8
1016121_Movie,Beautiful Disaster,2023,25000000,6850036,-0.73,45.259,6.68
1016346_Movie,MR-9: Do or Die,2023,6700000,7100000,0.06,44.705,6.463
915935_Movie,Anatomy of a Fall,2023,6700000,35634133,4.32,44.098,7.549
700391_Movie,65,2023,45000000,60730568,0.35,43.939,6
666277_Movie,Past Lives,2023,12000000,28126646,1.34,43.469,7.7
1020006_Movie,Priscilla,2023,20000000,30140906,0.51,43.46,6.8
660360_Movie,Noryang: Deadly Sea,2023,40000000,34210966,-0.14,42.759,6.3
845111_Movie,The Three Musketeers: Milady,2023,39000000,21730766,-0.44,42.553,6.442
964980_Movie,Air,2023,80000000,90100000,0.13,42.511,7.337
646389_Movie,Plane,2023,25000000,74515586,1.98,42.06,6.9
976893_Movie,Perfect Days,2023,14000000,24094016,0.72,41.697,7.75
842675_Movie,The Wandering Earth II,2023,73800000,615023132,7.33,40.962,7.271
455476_Movie,Knights of the Zodiac,2023,60000000,7000000,-0.88,40.408,6.365
840430_Movie,The Holdovers,2023,13000000,42513270,2.27,38.697,7.7
536437_Movie,Hypnotic,2023,70000000,16014123,-0.77,37.993,6.229
1058694_Movie,Radical,2023,10000000,21761164,1.18,37.901,8.4
1026227_Movie,There's Still Tomorrow,2023,9000000,49849677,4.54,37.529,8.143
930564_Movie,Saltburn,2023,20000000,21013738,0.05,36.257,7
956964_Movie,Consent,2023,3700000,4710394,0.27,35.862,6.9
717930_Movie,Kandahar,2023,30000000,9400000,-0.69,35.777,6.8
1160164_Movie,TAYLOR SWIFT | THE ERAS TOUR,2023,15000000,261656269,16.44,34.966,8.2
635910_Movie,The Last Voyage of the Demeter,2023,45000000,21600000,-0.52,34.11,6.783
631842_Movie,Knock at the Cabin,2023,20000000,54700000,1.74,33.061,6.3
804150_Movie,Cocaine Bear,2023,32500000,88314672,1.72,32.899,6.039
643215_Movie,Asterix & Obelix: The Middle Kingdom,2023,72000000,46497678,-0.35,32.161,4.9
912908_Movie,Strays,2023,46000000,32000000,-0.30,32.045,7.2
779816_Movie,White Bird,2023,20000000,8799528,-0.56,31.896,8
667216_Movie,Infinity Pool,2023,4500000,5078400,0.13,31.779,6.1
994108_Movie,All of Us Strangers,2023,5000000,14864960,1.97,31.176,7.472
649609_Movie,Renfield,2023,65000000,26874347,-0.59,30.891,6.496
664341_Movie,Eileen,2023,16000000,1560142,-0.90,29.885,6.01
770906_Movie,Salaar: Part 1 - Ceasefire,2023,34000000,87229100,1.57,29.668,6.8
945729_Movie,A Haunting in Venice,2023,60000000,121400000,1.02,29.004,6.607
872906_Movie,Jawan,2023,36150000,136698671,2.78,28.655,7.145
1056360_Movie,American Fiction,2023,16000000,22483370,0.41,28.47,7.317
747188_Movie,Asteroid City,2023,25000000,47281670,0.89,28.462,6.464
781732_Movie,Animal,2023,13000000,108300000,7.33,28.4,6.363
980026_Movie,The Promised Land,2023,8500000,2119043,-0.75,28.057,7.8
796185_Movie,The Three Musketeers: D'Artagnan,2023,27500000,31843086,0.16,27.572,7
850165_Movie,The Iron Claw,2023,15900000,40130232,1.52,27.451,7.536
558915_Movie,The Color Purple,2023,95000000,67519192,-0.29,26.629,7.1
983044_Movie,The Arctic Convoy,2023,6600000,3637940,-0.45,25.007,6.7
927107_Movie,The Bricklayer,2023,23900000,899683,-0.96,24.895,5.8
758336_Movie,Love Again,2023,9000000,10000000,0.11,24.452,6.731
365620_Movie,Ferrari,2023,95000000,39220516,-0.59,24.438,6.4
616747_Movie,Haunted Mansion,2023,157800000,117449790,-0.26,24.156,6.5
800158_Movie,The Killer,2023,175000000,362113,-1.00,24.011,6.566
906221_Movie,Magic Mike's Last Dance,2023,45000000,52000000,0.16,23.63,6.5
943134_Movie,The Animal Kingdom,2023,15200000,9138503,-0.40,23.615,7.022
1008392_Movie,The Blackening,2023,5000000,16000000,2.20,23.54,6.1
958006_Movie,The Kill Room,2023,50000000,476375,-0.99,23.503,5.9
816904_Movie,Mummies,2023,12000000,53400000,3.45,23.048,6.968
1025491_Movie,Freud's Last Session,2023,10000000,1697993,-0.83,23.036,6.6
768362_Movie,Missing,2023,7000000,45100756,5.44,22.638,7.43
913673_Movie,Nefarious,2023,3000000,5400000,0.80,21.956,6.758
798286_Movie,Beau Is Afraid,2023,35000000,12337378,-0.65,21.728,6.7
823482_Movie,Dream Scenario,2023,10000000,14114415,0.41,21.034,6.7
792293_Movie,Dumb Money,2023,30000000,20703794,-0.31,21.009,6.7
960033_Movie,Marguerite's Theorem,2023,2470000,1091821,-0.56,20.828,6.9
964960_Movie,The Taste of Things,2023,6500000,5970753,-0.08,20.444,7.1
839369_Movie,May December,2023,20000000,4232370,-0.79,20.154,6.6
1016084_Movie,BlackBerry,2023,5000000,2600000,-0.48,19.838,7.1
921452_Movie,Jeanne du Barry,2023,22400000,13000000,-0.42,19.793,6.957
994143_Movie,Skinamarink,2023,15000,2100000,139.00,19.522,5.428
1163258_Movie,12th Fail,2023,2400000,8300000,2.46,18.441,8
532408_Movie,The Boogeyman,2023,41900000,66978229,0.60,18.39,6.4
814776_Movie,Bottoms,2023,11300000,12976079,0.15,18.378,6.7
734253_Movie,Adipurush,2023,63000000,54300000,-0.14,18.245,5
980078_Movie,Winnie the Pooh: Blood and Honey,2023,50000,7717044,153.34,17.856,5.037
864168_Movie,Joy Ride,2023,20000000,15800000,-0.21,17.69,6.6
801112_Movie,Kidnapped,2023,14100000,4123091,-0.71,17.63,7.3
864692_Movie,Pathaan,2023,29000000,130000000,3.48,17.274,6.515
1040892_Movie,Slotherhouse,2023,350000,123000,-0.65,17.246,4.51
809787_Movie,Mafia Mamma,2023,41000000,3900000,-0.90,16.907,6.063
988402_Movie,Humanist Vampire Seeking Consenting Suicidal Person,2023,3000000,97578,-0.97,16.861,7.4
942922_Movie,80 for Brady,2023,28000000,29637811,0.06,16.629,6.3
972230_Movie,Maybe I Do,2023,7500000,4393504,-0.41,16.529,5.5
555285_Movie,"Are You There God? It's Me, Margaret.",2023,30000000,21800000,-0.27,16.494,7.2
829051_Movie,About My Father,2023,29100000,18167819,-0.38,16.23,6.1
621587_Movie,Next Goal Wins,2023,14000000,18062279,0.29,16.079,6.4
812635_Movie,Chevalier,2023,35000000,4200000,-0.88,15.784,6.3
667717_Movie,Deep Sea,2023,28700000,136090000,3.74,15.661,6.938
1117006_Movie,Me contro Te: Il film - Vacanze in Transilvania,2023,4915109,1992797,-0.59,15.637,6.563
1058078_Movie,Carousel,2023,2250000,633385,-0.72,15.549,5.9
843843_Movie,Suddenly,2023,22800000,1418682,-0.94,15.47,6.4
734002_Movie,The Peasants,2023,7475000,10064347,0.35,15.313,7.6
1053600_Movie,"20,000 Species of Bees",2023,2000000,1193593,-0.40,15.251,7
1092329_Movie,Journey to Bethlehem,2023,6000000,7778330,0.30,15.211,7.9
983883_Movie,Marry My Dead Body,2023,1874400,15410325,7.22,15.129,7
586810_Movie,Mars Express,2023,7900000,1455713,-0.82,14.515,7.5
753091_Movie,The Moon,2023,20000000,92718,-1.00,14.419,6.522
523607_Movie,Maestro,2023,80000000,300000,-1.00,13.969,6.333
823452_Movie,The Boys in the Boat,2023,40000000,54401583,0.36,13.881,7.3
989672_Movie,Just the Two of Us,2023,6300000,5099005,-0.19,13.869,7
1108211_Movie,Lost in the Stars,2023,9500000,334039200,34.16,13.794,6.5
869612_Movie,Master Gardener,2023,4100000,1506008,-0.63,13.705,6.1
719256_Movie,Jesus Revolution,2023,15000000,52300000,2.49,13.45,6.6
823598_Movie,The Goldfinger,2023,45000000,6136329,-0.86,13.019,6.1
676727_Movie,The Inventor,2023,10000000,2037563,-0.80,13.003,6.3
986280_Movie,Fallen Leaves,2023,1480000,12400000,7.38,12.891,7.2
982271_Movie,Book Club: The Next Chapter,2023,20000000,27849137,0.39,12.728,6.304
843394_Movie,Cat Person,2023,12000000,282000,-0.98,12.488,5.8
844417_Movie,Marlowe,2023,20000000,6262663,-0.69,12.434,5.7
977506_Movie,The Crime Is Mine,2023,13700000,10436638,-0.24,12.113,6.4
1048522_Movie,Fremont,2023,3000000,600376,-0.80,12.1,6.458
1068452_Movie,Hi Nanna,2023,7819000,9184966,0.17,12.05,7.7
720557_Movie,Tiger 3,2023,38000000,47000000,0.24,11.972,5.837
859235_Movie,Coup de Chance,2023,10000000,3767399,-0.62,11.964,6.2
1035806_Movie,Detective Knight: Independence,2023,2000000,36171,-0.98,11.88,5.4
824016_Movie,The Palace,2023,18700000,420350,-0.98,11.778,5.4
1001026_Movie,Open Season,2023,9827000,14990406,0.53,11.777,5.924
949229_Movie,Leo,2023,42219285,71772785,0.70,11.716,6.9
986054_Movie,Theater Camp,2023,5000000,4400000,-0.12,11.486,6.5
1032666_Movie,Bunker,2023,2500000,101045,-0.96,11.391,6.9
973778_Movie,The End We Start From,2023,10000000,604830,-0.94,11.016,5.7
965890_Movie,Vincent Must Die,2023,4340000,158787,-0.96,10.8,6.401
934506_Movie,A Real Job,2023,8200000,3452861,-0.58,10.761,6.361
753336_Movie,Origin,2023,38000000,4474931,-0.88,10.585,6.607
1074049_Movie,A Moroccan Affair,2023,5500000,10950000,0.99,10.245,5.977
1185743_Movie,Renaissance: A Film by Beyoncé,2023,15000000,44029271,1.94,10.198,8.6
978870_Movie,Last Night of Amore,2023,9500000,3800000,-0.60,10.183,7.2
960876_Movie,Dunki,2023,239000000,501000000,1.10,10.018,6.1
1108658_Movie,The Shift,2023,6500000,12238643,0.88,9.732,6.2
965791_Movie,A Difficult Year,2023,13000000,7004555,-0.46,9.706,5.91
1008903_Movie,Left Behind: Rise of the Antichrist,2023,10000000,3649422,-0.64,9.555,4.848
1032194_Movie,The Blind,2023,30000000,17265487,-0.42,9.487,6.8
1126128_Movie,13 Bombs,2023,4722030,953672,-0.80,9.399,7.2
1118824_Movie,Mallari,2023,1350000,3800000,1.81,9.261,7.1
989596_Movie,The Braid,2023,8500000,9235757,0.09,9.24,7.6
1027982_Movie,Abang Adik,2023,653000,1363827,1.09,9.021,7.6
762509_Movie,Mufasa: The Lion King,2024,200000000,700197856,2.50,2643.627,7.467
939243_Movie,Sonic the Hedgehog 3,2024,122000000,472518457,2.87,2402.503,7.742
1241982_Movie,Moana 2,2024,150000000,1044396565,5.96,2347.007,7.1
539972_Movie,Kraven the Hunter,2024,120000000,59184643,-0.51,1195.885,6.7
912649_Movie,Venom: The Last Dance,2024,120000000,478103649,2.98,931.677,6.786
558449_Movie,Gladiator II,2024,310000000,458718000,0.48,875.346,6.767
549509_Movie,The Brutalist,2024,9000000,41360246,3.60,760.893,7.065
933260_Movie,The Substance,2024,17500000,76506196,3.37,755.912,7.1
1064213_Movie,Anora,2024,6000000,38475235,5.41,726.2,7.1
1064486_Movie,Memoir of a Snail,2024,4350000,1189972,-0.73,719.126,7.8
1035048_Movie,Elevation,2024,18000000,3300000,-0.82,605.354,6.5
402431_Movie,Wicked,2024,150000000,728145850,3.85,593.834,6.9
516729_Movie,Paddington in Peru,2024,90000000,150254414,0.67,571.327,6.8
519182_Movie,Despicable Me 4,2024,100000000,969280910,8.69,559.221,7.06
1184918_Movie,The Wild Robot,2024,78000000,331982078,3.26,545.961,8.3
974576_Movie,Conclave,2024,20000000,95579868,3.78,503.957,7.1
426063_Movie,Nosferatu,2024,50000000,177225075,2.54,496.505,6.686
533535_Movie,Deadpool & Wolverine,2024,200000000,1338073645,5.69,484.727,7.619
811941_Movie,Devara: Part 1,2024,24000000,54000000,1.25,455.223,7.1
845781_Movie,Red One,2024,250000000,185700759,-0.26,449.798,7.1
839033_Movie,The Lord of the Rings: The War of the Rohirrim,2024,30000000,19958572,-0.33,442.253,6.647
1022789_Movie,Inside Out 2,2024,200000000,1698863816,7.49,437.374,7.6
974453_Movie,Absolution,2024,30000000,3854594,-0.87,434.123,5.896
1138194_Movie,Heretic,2024,10000000,51913394,4.19,342.098,7.2
1028196_Movie,Nickel Boys,2024,23200000,2851181,-0.88,330.497,6.491
945961_Movie,Alien: Romulus,2024,80000000,350865342,3.39,328.825,7.2
573435_Movie,Bad Boys: Ride or Die,2024,100000000,404547819,3.05,319.366,7.384
1100782_Movie,Smile 2,2024,28000000,138083280,3.93,314.013,6.586
698687_Movie,Transformers One,2024,75000000,128888103,0.72,299.232,8.095
1029235_Movie,Azrael,2024,12000000,631272,-0.95,295.344,6
693134_Movie,Dune: Part Two,2024,190000000,714444358,2.76,286.234,8.148
974950_Movie,Emilia Pérez,2024,26000000,15366077,-0.41,281.418,6.856
1034541_Movie,Terrifier 3,2024,2000000,89947122,43.97,276.593,6.9
799766_Movie,Better Man,2024,110000000,20120006,-0.82,263.61,7.6
1097549_Movie,Babygirl,2024,20000000,60934894,2.05,246.179,5.793
1000837_Movie,I'm Still Here,2024,1480000,29940623,19.23,234.13,7.9
1011985_Movie,Kung Fu Panda 4,2024,80000000,548040835,5.85,212.888,7.074
823464_Movie,Godzilla x Kong: The New Empire,2024,150000000,571750016,2.81,197.094,7.111
786892_Movie,Furiosa: A Mad Max Saga,2024,170000000,173775791,0.02,194.776,7.491
957452_Movie,The Crow,2024,50000000,24109036,-0.52,190.792,5.8
1084736_Movie,The Count of Monte Cristo,2024,46000000,75360860,0.64,189.699,8
748783_Movie,The Garfield Movie,2024,60000000,254907482,3.25,185.925,7.082
661539_Movie,A Complete Unknown,2024,65000000,110280739,0.70,183.905,7.196
653346_Movie,Kingdom of the Planet of the Apes,2024,160000000,397378150,1.48,181.483,7.1
639720_Movie,IF,2024,110000000,190309707,0.73,177.625,7.1
1013850_Movie,A Real Pain,2024,3000000,20581325,5.86,172.538,6.786
762441_Movie,A Quiet Place: Day One,2024,67000000,261907653,2.91,167.982,6.7
929590_Movie,Civil War,2024,50000000,126542249,1.53,164.805,6.9
1029281_Movie,Strange Darling,2024,4000000,3504687,-0.12,145.026,6.9
1064028_Movie,Subservience,2024,4400000,262793,-0.94,144.482,6.677
726139_Movie,Project Silence,2024,14750000,6283415,-0.57,142.146,7
1111873_Movie,Abigail,2024,28000000,42791449,0.53,140.702,6.8
1154215_Movie,Elyas,2024,12460000,1359330,-0.89,139.722,6.2
437342_Movie,The First Omen,2024,30000000,53992802,0.80,131.488,6.8
866398_Movie,The Beekeeper,2024,35000000,152720535,3.36,130.603,7.337
1167271_Movie,Weekend in Taipei,2024,30000000,2826064,-0.91,124.992,6.2
1226578_Movie,Longlegs,2024,10000000,126942386,11.69,124.282,6.6
588648_Movie,Dragonkeeper,2024,25600000,6206231,-0.76,121.393,7.6
976576_Movie,Emmanuelle,2024,19000000,578924,-0.97,120.955,5
1087822_Movie,Hellboy: The Crooked Man,2024,20000000,2014050,-0.90,119.029,5.3
1114513_Movie,Speak No Evil,2024,15000000,76756109,4.12,118.93,7.3
889737_Movie,Joker: Folie à Deux,2024,195000000,206400287,0.06,118.738,5.489
718821_Movie,Twisters,2024,155000000,370962265,1.39,115.305,6.9
1079091_Movie,It Ends with Us,2024,25000000,350993761,13.04,113.18,7.071
1084863_Movie,The Soul Eater,2024,3500000,864825,-0.75,111.625,6.2
938614_Movie,Late Night with the Devil,2024,2000000,15469415,6.73,109.706,7.173
728949_Movie,Nightbitch,2024,20000000,170737,-0.99,108.649,5.806
365177_Movie,Borderlands,2024,115000000,32978510,-0.71,106.537,5.7
1079485_Movie,Winnie-the-Pooh: Blood and Honey 2,2024,415000,7582541,17.27,106.518,6.026
814889_Movie,Never Let Go,2024,20000000,21768945,0.09,106.289,6.2
1016848_Movie,The Front Room,2024,3500000,3165361,-0.10,106.212,5.3
746036_Movie,The Fall Guy,2024,125000000,181073291,0.45,105.482,7
917496_Movie,Beetlejuice Beetlejuice,2024,100000000,451100435,3.51,104.421,7.063
507241_Movie,The Killer's Game,2024,30000000,5928351,-0.80,103.631,6.4
1100099_Movie,We Live in Time,2024,20000000,37182814,0.86,103.251,7.4
1082195_Movie,The Order,2024,20000000,1970445,-0.90,100.267,6.643
1182047_Movie,The Apprentice,2024,16000000,17279457,0.08,96.145,6.8
1041613_Movie,Immaculate,2024,9000000,35340015,2.93,88.877,6.24
592831_Movie,Megalopolis,2024,120000000,13857002,-0.88,88.696,5.276
719221_Movie,Tarot,2024,8000000,49256239,5.16,87.997,6.5
840705_Movie,Blink Twice,2024,20000000,46393906,1.32,87.133,6.676
799583_Movie,The Ministry of Ungentlemanly Warfare,2024,60000000,29715044,-0.50,84.319,7.1
969492_Movie,Land of Bad,2024,18000000,7021101,-0.61,83.858,7.3
826510_Movie,Harold and the Purple Crayon,2024,40000000,32227855,-0.19,83.183,6.829
1106739_Movie,Juror #2,2024,30000000,21418477,-0.29,83.074,6.816
1278101_Movie,Big World,2024,7000000,109500000,14.64,81.526,7.5
1032823_Movie,Trap,2024,30000000,82677281,1.76,78.284,6.394
1160018_Movie,Kill,2024,4800000,5600000,0.17,76.746,7.1
1155828_Movie,Sing Sing,2024,2000000,3401789,0.70,74.043,7.593
947891_Movie,My Old Ass,2024,3000000,5705895,0.90,73.828,6.9
1062215_Movie,Afraid,2024,12000000,12977758,0.08,73.211,6
923667_Movie,Twilight of the Warriors: Walled In,2024,38400000,95399186,1.48,72.187,7
1059128_Movie,Queer,2024,53400000,3865730,-0.93,72.182,6.915
1086747_Movie,The Watchers,2024,30000000,51147812,0.70,71.242,6.4
949484_Movie,Hounds of War,2024,13000000,126540,-0.99,70.703,6.3
857598_Movie,Pushpa 2 - The Rule,2024,63000000,199000000,2.16,70.314,6.762
937287_Movie,Challengers,2024,55000000,94182533,0.71,69.941,7
634492_Movie,Madame Web,2024,80000000,100498764,0.26,69.258,5.4
975511_Movie,The Return,2024,20000000,2106733,-0.89,68.871,6.6
967847_Movie,Ghostbusters: Frozen Empire,2024,100000000,201967521,1.02,67.89,6.5
1109255_Movie,Parthenope,2024,32000000,8460800,-0.74,66.618,6.9
1186532_Movie,The Forge,2024,5000000,40392664,7.08,65.2,8.3
646683_Movie,The Exorcism,2024,22000000,12610418,-0.43,63.441,5.1
560016_Movie,Monkey Man,2024,10000000,35271631,2.53,63.25,6.9
1010600_Movie,The Strangers: Chapter 1,2024,8500000,48166448,4.67,63.133,5.767
1023922_Movie,MaXXXine,2024,1000000,22057160,21.06,62.948,6.367
1125311_Movie,Imaginary,2024,13000000,43787034,2.37,61.303,5.989
1012201_Movie,HAIKYU!! The Dumpster Battle,2024,5000000,100255784,19.05,59.921,7.6
869291_Movie,Cuckoo,2024,7000000,6680396,-0.05,59.193,5.8
970347_Movie,The Killer,2024,30000000,318618,-0.99,59.042,6.4
932086_Movie,Horizon: An American Saga - Chapter 1,2024,50000000,38235702,-0.24,57.608,6.908
1214509_Movie,In a Violent Nature,2024,600000,4258197,6.10,56.112,5.7
959604_Movie,Beating Hearts,2024,37315205,36010728,-0.03,53.439,7.3
948549_Movie,Love Lies Bleeding,2024,10000000,12778225,0.28,52.757,6.579
801688_Movie,Kalki 2898-AD,2024,75000000,141000000,0.88,52.383,6.4
956842_Movie,Fly Me to the Moon,2024,100000000,42247783,-0.58,52.043,6.866
1094274_Movie,Y2K,2024,15000000,4210306,-0.72,51.768,5.2
882059_Movie,Boy Kills World,2024,18000000,3139717,-0.83,50.611,6.8
1026436_Movie,Miller's Girl,2024,4000000,1430985,-0.64,50.496,6.4
1128650_Movie,The Prosecutor,2024,38500000,128093757,2.33,49.988,7.4
974635_Movie,Hit Man,2024,8800000,5101673,-0.42,48.687,6.832
1115623_Movie,The Last Kumite,2024,1303000,65000000,48.88,48.508,6.8
1051891_Movie,Thelma,2024,5000000,12537071,1.51,45.577,7
940139_Movie,Here,2024,40000000,15397270,-0.62,45.514,6.718
1029955_Movie,Kinds of Kindness,2024,15000000,16398509,0.09,44.878,6.572
1235499_Movie,The Last Showgirl,2024,2000000,4455671,1.23,44.765,6.364
1120911_Movie,Saturday Night,2024,25000000,9802525,-0.61,43.776,6.8
858017_Movie,I Saw the TV Glow,2024,10000000,5396508,-0.46,43.672,6.1
1072342_Movie,Night Swim,2024,15000000,54771241,2.65,43.033,5.577
848538_Movie,Argylle,2024,200000000,96221061,-0.52,42.777,6.1
673593_Movie,Mean Girls,2024,36000000,104573204,1.90,42.601,5.9
1241674_Movie,The Last Breath,2024,30000,273650,8.12,40.025,6.2
1008409_Movie,The Bikeriders,2024,40000000,36110860,-0.10,38.784,6.717
998846_Movie,Back to Black,2024,30000000,51001975,0.70,38.233,6.688
647245_Movie,Reagan,2024,25000000,30107173,0.20,37.601,6.273
1099413_Movie,The Rogue's Trial,2024,3000000,7200000,1.40,36.315,7.173
1186350_Movie,Marco,2024,3467987,11559958,2.33,34.38,6.6
870360_Movie,The Day the Earth Blew Up: A Looney Tunes Movie,2024,15000000,423628,-0.97,33.949,7.7
802219_Movie,Bob Marley: One Love,2024,70000000,180828556,1.58,31.927,6.7
914206_Movie,The Beast,2024,8400000,760979,-0.91,31.9,6.3
1236419_Movie,Piece by Piece,2024,16000000,10591426,-0.34,31.799,7.5
1045770_Movie,Daaaaaalí!,2024,6700000,3829263,-0.43,31.222,6.156
1079244_Movie,Bonhoeffer: Pastor. Spy. Assassin,2024,25000000,12165702,-0.51,30.876,6.9
618588_Movie,Arthur the King,2024,19000000,40829138,1.15,30.844,7.6
974036_Movie,Ordinary Angels,2024,13000000,20571534,0.58,29.858,7.8
1192195_Movie,Riviera Revenge,2024,5000000,6483501,0.30,29.048,6.3
774531_Movie,Young Woman and the Sea,2024,40000000,581725,-0.99,27.997,7.9
1037113_Movie,Snack Shack,2024,3000000,455708,-0.85,27.871,7.2
1217690_Movie,Homestead,2024,8000000,20751060,1.59,27.84,5.7
784651_Movie,Fighter,2024,30069500,43160558,0.44,27.655,6.1
957304_Movie,Drive-Away Dolls,2024,8000000,7935363,-0.01,25.771,5.5
1152014_Movie,A Little Something Extra,2024,6400000,84058132,12.13,25.44,7.141
1148713_Movie,The Courier,2024,5400000,1751343,-0.68,24.693,6.5
472221_Movie,The Goat Life,2024,9800000,19000000,0.94,22.487,7.3
1112426_Movie,Stree 2,2024,12000000,102184000,7.52,21.834,6.5
1019939_Movie,Hundreds of Beavers,2024,150000,804017,4.36,21.32,7.374
1206617_Movie,The Best Christmas Pageant Ever,2024,10000000,40236104,3.02,21.131,6.9
1002155_Movie,Monsieur Aznavour,2024,28000000,15198387,-0.46,20.835,7.255
1094009_Movie,Summer Camp,2024,10000000,2402245,-0.76,20.785,5.1
1234397_Movie,Grand Theft Hamlet,2024,200000,211734,0.06,20.756,6.7
993784_Movie,Lisa Frankenstein,2024,13400000,9927714,-0.26,20.472,6.3
790462_Movie,I.S.S.,2024,13800000,6605079,-0.52,19.782,5.798
1229349_Movie,Yolo,2024,100000000,480600000,3.81,19.536,6.3
1242526_Movie,Sound of Hope: The Story of Possum Trot,2024,8500000,11721425,0.38,19.002,6.6
1000866_Movie,Marching Band,2024,6100000,14870849,1.44,18.629,7.5
823491_Movie,Out of Darkness,2024,1500000,1987281,0.32,18.503,5.7
852247_Movie,Problemista,2024,12000000,2503154,-0.79,18.418,6.7
975773_Movie,Wicked Little Letters,2024,12600000,27219729,1.16,18.349,6.962
1115009_Movie,Unsung Hero,2024,6000000,21220422,2.54,16.611,6.7
999582_Movie,Babes,2024,3700000,3663309,-0.01,16.192,6
1149791_Movie,Premalu,2024,380000,9000000,22.68,15.878,7.7
977262_Movie,Ezra,2024,5000000,3046741,-0.39,15.106,7
1093966_Movie,Vettaiyan,2024,35500000,30745762,-0.13,14.378,6.1
1088096_Movie,Goodrich,2024,5000000,1320429,-0.74,14.358,6
1129508_Movie,Escape from Germany,2024,1000000,2601719,1.60,14.225,4.6
976584_Movie,The Book of Clarence,2024,40000000,6205230,-0.84,14.137,5.8
975056_Movie,Cabrini,2024,50000000,20592796,-0.59,14.034,7.8
995746_Movie,Rosalie,2024,7000000,308326,-0.96,14.016,6.8
1129608_Movie,The Greatest of All Time,2024,36000000,47700000,0.33,13.457,4.9
1208850_Movie,Conquer: Lahad Datu,2024,1955146,5800981,1.97,13.194,7.8
1057006_Movie,Sight,2024,6000000,7206741,0.20,13.133,6.074
586353_Movie,The Master and Margarita,2024,15000000,28013812,0.87,13.104,7
1233208_Movie,Santosh,2024,2500000,1097812,-0.56,13.023,7.2
610219_Movie,The Fire Inside,2024,12000000,7630259,-0.36,12.599,6.8
1187058_Movie,Munjya,2024,3592556,15743613,3.38,12.592,6
1251621_Movie,Waves,2024,3400000,7234115,1.13,11.63,8.3
1166133_Movie,Bramayugam,2024,3300000,10000000,2.03,11.406,7.478
1126166_Movie,Flight Risk,2025,25000000,40420193,0.62,3320.616,6
822119_Movie,Captain America: Brave New World,2025,180000000,289405738,0.61,1495.724,6.179
1084199_Movie,Companion,2025,10000000,34480388,2.45,1283.362,7
774370_Movie,Dog Man,2025,40000000,88192145,1.20,977.456,7.7
710295_Movie,Wolf Man,2025,25000000,34844931,0.39,475.237,6.5
1124620_Movie,The Monkey,2025,10000000,31249964,2.12,305.841,6
1272149_Movie,Bridget Jones: Mad About the Boy,2025,50000000,66212000,0.32,294.382,6.778
980477_Movie,Ne Zha 2,2025,80000000,1990000000,23.88,243.383,7.7
604685_Movie,Den of Thieves 2: Pantera,2025,40000000,54586117,0.36,236.81,6.7
1280672_Movie,One of Them Days,2025,14000000,44081884,2.15,152.477,6.9
1196943_Movie,Chhaava,2025,15000000,28000000,0.87,112.224,7.8
881415_Movie,Love Me,2025,2500000,215586,-0.91,108.376,5.917
1226406_Movie,Love Hurts,2025,18000000,13646385,-0.24,97.825,6
1140535_Movie,Presence,2025,2000000,9284015,3.64,97.432,6.1
1155281_Movie,Creation of the Gods II: Demon Force,2025,120000000,161210000,0.34,81.712,6.1
972533_Movie,Last Breath,2025,23800000,8337349,-0.65,52.814,7
659956_Movie,Brave the Dark,2025,200000,3898508,18.49,50.644,5.679
1302916_Movie,Heart Eyes,2025,18000000,31010725,0.72,44.86,6.2
1009640_Movie,Valiant One,2025,10000000,725000,-0.93,21,5.7
1020414_Movie,Peter Pan's Neverland Nightmare,2025,310000,269407,-0.13,20.943,5.4
658224_Movie,"The Wizard of the Emerald City, Part 1",2025,9100000,34654318,2.81,20.433,7.3
765897_Movie,The Unbreakable Boy,2025,6000000,2500000,-0.58,19.627,5.1
811944_Movie,Game Changer,2025,41000000,8800000,-0.79,17.44,4.5
1208735_Movie,Thandel,2025,6400000,20000000,2.13,16.7,7.1
